1;1001;"{ name ""tevinter";1;""" culture = imperial_tevinter }"
2;1001;"{ name ""tevinter";2;""" culture = imperial_tevinter }"
3;1001;"{ name ""tevinter";3;""" culture = imperial_tevinter }"
4;1001;"{ name ""tevinter";4;""" culture = imperial_tevinter }"
5;1001;"{ name ""tevinter";5;""" culture = imperial_tevinter }"
6;1001;"{ name ""tevinter";6;""" culture = imperial_tevinter }"
7;1001;"{ name ""tevinter";7;""" culture = imperial_tevinter }"
8;1001;"{ name ""tevinter";8;""" culture = imperial_tevinter }"
9;1001;"{ name ""tevinter";9;""" culture = imperial_tevinter }"
10;1001;"{ name ""tevinter";10;""" culture = imperial_tevinter }"
11;1001;"{ name ""tevinter";11;""" culture = imperial_tevinter }"
12;1001;"{ name ""tevinter";12;""" culture = imperial_tevinter }"
13;1001;"{ name ""tevinter";13;""" culture = imperial_tevinter }"
14;1001;"{ name ""tevinter";14;""" culture = imperial_tevinter }"
15;1001;"{ name ""tevinter";15;""" culture = imperial_tevinter }"
16;1001;"{ name ""tevinter";16;""" culture = imperial_tevinter }"
17;1001;"{ name ""tevinter";17;""" culture = imperial_tevinter }"
18;1001;"{ name ""tevinter";18;""" culture = imperial_tevinter }"
19;1001;"{ name ""tevinter";19;""" culture = imperial_tevinter }"
20;1001;"{ name ""tevinter";20;""" culture = imperial_tevinter }"
21;1001;"{ name ""tevinter";21;""" culture = imperial_tevinter }"
22;1001;"{ name ""tevinter";22;""" culture = imperial_tevinter }"
23;1001;"{ name ""tevinter";23;""" culture = imperial_tevinter }"
24;1001;"{ name ""tevinter";24;""" culture = imperial_tevinter }"
25;1001;"{ name ""tevinter";25;""" culture = imperial_tevinter }"
26;1001;"{ name ""tevinter";26;""" culture = imperial_tevinter }"
27;1001;"{ name ""tevinter";27;""" culture = imperial_tevinter }"
28;1001;"{ name ""tevinter";28;""" culture = imperial_tevinter }"
29;1001;"{ name ""tevinter";29;""" culture = imperial_tevinter }"
30;1001;"{ name ""tevinter";30;""" culture = imperial_tevinter }"
31;1001;"{ name ""tevinter";31;""" culture = imperial_tevinter }"
32;1001;"{ name ""tevinter";32;""" culture = imperial_tevinter }"
33;1001;"{ name ""tevinter";33;""" culture = imperial_tevinter }"
34;1001;"{ name ""tevinter";34;""" culture = imperial_tevinter }"
35;1001;"{ name ""tevinter";35;""" culture = imperial_tevinter }"
36;1001;"{ name ""tevinter";36;""" culture = imperial_tevinter }"
37;1001;"{ name ""tevinter";37;""" culture = imperial_tevinter }"
38;1001;"{ name ""tevinter";38;""" culture = imperial_tevinter }"
39;1001;"{ name ""tevinter";39;""" culture = imperial_tevinter }"
40;1001;"{ name ""tevinter";40;""" culture = imperial_tevinter }"
41;1001;"{ name ""tevinter";41;""" culture = imperial_tevinter }"
42;1001;"{ name ""tevinter";42;""" culture = imperial_tevinter }"
43;1001;"{ name ""tevinter";43;""" culture = imperial_tevinter }"
44;1001;"{ name ""tevinter";44;""" culture = imperial_tevinter }"
45;1001;"{ name ""tevinter";45;""" culture = imperial_tevinter }"
46;1001;"{ name ""tevinter";46;""" culture = imperial_tevinter }"
47;1001;"{ name ""tevinter";47;""" culture = imperial_tevinter }"
48;1001;"{ name ""tevinter";48;""" culture = imperial_tevinter }"
49;1001;"{ name ""tevinter";49;""" culture = imperial_tevinter }"
50;1001;"{ name ""tevinter";50;""" culture = imperial_tevinter }"
51;1001;"{ name ""tevinter";51;""" culture = imperial_tevinter }"
52;1001;"{ name ""tevinter";52;""" culture = imperial_tevinter }"
53;1001;"{ name ""tevinter";53;""" culture = imperial_tevinter }"
54;1001;"{ name ""tevinter";54;""" culture = imperial_tevinter }"
55;1001;"{ name ""tevinter";55;""" culture = imperial_tevinter }"
56;1001;"{ name ""tevinter";56;""" culture = imperial_tevinter }"
57;1001;"{ name ""tevinter";57;""" culture = imperial_tevinter }"
58;1001;"{ name ""tevinter";58;""" culture = imperial_tevinter }"
59;1001;"{ name ""tevinter";59;""" culture = imperial_tevinter }"
60;1001;"{ name ""tevinter";60;""" culture = imperial_tevinter }"
61;1001;"{ name ""tevinter";61;""" culture = imperial_tevinter }"
62;1001;"{ name ""tevinter";62;""" culture = imperial_tevinter }"
63;1001;"{ name ""tevinter";63;""" culture = imperial_tevinter }"
64;1001;"{ name ""tevinter";64;""" culture = imperial_tevinter }"
65;1001;"{ name ""tevinter";65;""" culture = imperial_tevinter }"
66;1001;"{ name ""tevinter";66;""" culture = imperial_tevinter }"
67;1001;"{ name ""tevinter";67;""" culture = imperial_tevinter }"
68;1001;"{ name ""tevinter";68;""" culture = imperial_tevinter }"
69;1001;"{ name ""tevinter";69;""" culture = imperial_tevinter }"
70;1001;"{ name ""tevinter";70;""" culture = imperial_tevinter }"
71;1001;"{ name ""tevinter";71;""" culture = imperial_tevinter }"
72;1001;"{ name ""tevinter";72;""" culture = imperial_tevinter }"
73;1001;"{ name ""tevinter";73;""" culture = imperial_tevinter }"
74;1001;"{ name ""tevinter";74;""" culture = imperial_tevinter }"
75;1001;"{ name ""tevinter";75;""" culture = imperial_tevinter }"
76;1001;"{ name ""tevinter";76;""" culture = imperial_tevinter }"
77;1001;"{ name ""tevinter";77;""" culture = imperial_tevinter }"
78;1001;"{ name ""tevinter";78;""" culture = imperial_tevinter }"
79;1001;"{ name ""tevinter";79;""" culture = imperial_tevinter }"
80;1001;"{ name ""tevinter";80;""" culture = imperial_tevinter }"
81;1001;"{ name ""tevinter";81;""" culture = imperial_tevinter }"
82;1001;"{ name ""tevinter";82;""" culture = imperial_tevinter }"
83;1001;"{ name ""tevinter";83;""" culture = imperial_tevinter }"
84;1001;"{ name ""tevinter";84;""" culture = imperial_tevinter }"
85;1001;"{ name ""tevinter";85;""" culture = imperial_tevinter }"
86;1001;"{ name ""tevinter";86;""" culture = imperial_tevinter }"
87;1001;"{ name ""tevinter";87;""" culture = imperial_tevinter }"
88;1001;"{ name ""tevinter";88;""" culture = imperial_tevinter }"
89;1001;"{ name ""tevinter";89;""" culture = imperial_tevinter }"
90;1001;"{ name ""tevinter";90;""" culture = imperial_tevinter }"
91;1001;"{ name ""tevinter";91;""" culture = imperial_tevinter }"
92;1001;"{ name ""tevinter";92;""" culture = imperial_tevinter }"
93;1001;"{ name ""tevinter";93;""" culture = imperial_tevinter }"
94;1001;"{ name ""tevinter";94;""" culture = imperial_tevinter }"
95;1001;"{ name ""tevinter";95;""" culture = imperial_tevinter }"
96;1001;"{ name ""tevinter";96;""" culture = imperial_tevinter }"
97;1001;"{ name ""tevinter";97;""" culture = imperial_tevinter }"
98;1001;"{ name ""tevinter";98;""" culture = imperial_tevinter }"
99;1001;"{ name ""tevinter";99;""" culture = imperial_tevinter }"
100;1001;"{ name ""tevinter";100;""" culture = imperial_tevinter }"
101;1001;"{ name ""tevinter";101;""" culture = imperial_tevinter }"
102;1001;"{ name ""tevinter";102;""" culture = imperial_tevinter }"
103;1001;"{ name ""tevinter";103;""" culture = imperial_tevinter }"
104;1001;"{ name ""tevinter";104;""" culture = imperial_tevinter }"
105;1001;"{ name ""tevinter";105;""" culture = imperial_tevinter }"
106;1001;"{ name ""tevinter";106;""" culture = imperial_tevinter }"
107;1001;"{ name ""tevinter";107;""" culture = imperial_tevinter }"
108;1001;"{ name ""tevinter";108;""" culture = imperial_tevinter }"
109;1001;"{ name ""tevinter";109;""" culture = imperial_tevinter }"
110;1001;"{ name ""tevinter";110;""" culture = imperial_tevinter }"
111;1001;"{ name ""tevinter";111;""" culture = imperial_tevinter }"
112;1001;"{ name ""tevinter";112;""" culture = imperial_tevinter }"
113;1001;"{ name ""tevinter";113;""" culture = imperial_tevinter }"
114;1001;"{ name ""tevinter";114;""" culture = imperial_tevinter }"
115;1001;"{ name ""tevinter";115;""" culture = imperial_tevinter }"
116;1001;"{ name ""tevinter";116;""" culture = imperial_tevinter }"
117;1001;"{ name ""tevinter";117;""" culture = imperial_tevinter }"
118;1001;"{ name ""tevinter";118;""" culture = imperial_tevinter }"
119;1001;"{ name ""tevinter";119;""" culture = imperial_tevinter }"
120;1001;"{ name ""tevinter";120;""" culture = imperial_tevinter }"
121;1001;"{ name ""tevinter";121;""" culture = imperial_tevinter }"
122;1001;"{ name ""tevinter";122;""" culture = imperial_tevinter }"
123;1001;"{ name ""tevinter";123;""" culture = imperial_tevinter }"
124;1001;"{ name ""tevinter";124;""" culture = imperial_tevinter }"
125;1001;"{ name ""tevinter";125;""" culture = imperial_tevinter }"
126;1001;"{ name ""tevinter";126;""" culture = imperial_tevinter }"
127;1001;"{ name ""tevinter";127;""" culture = imperial_tevinter }"
128;1001;"{ name ""tevinter";128;""" culture = imperial_tevinter }"
129;1001;"{ name ""tevinter";129;""" culture = imperial_tevinter }"
130;1001;"{ name ""tevinter";130;""" culture = imperial_tevinter }"
131;1001;"{ name ""tevinter";131;""" culture = imperial_tevinter }"
132;1001;"{ name ""tevinter";132;""" culture = imperial_tevinter }"
133;1001;"{ name ""tevinter";133;""" culture = imperial_tevinter }"
134;1001;"{ name ""tevinter";134;""" culture = imperial_tevinter }"
135;1001;"{ name ""tevinter";135;""" culture = imperial_tevinter }"
136;1001;"{ name ""tevinter";136;""" culture = imperial_tevinter }"
137;1001;"{ name ""tevinter";137;""" culture = imperial_tevinter }"
138;1001;"{ name ""tevinter";138;""" culture = imperial_tevinter }"
139;1001;"{ name ""tevinter";139;""" culture = imperial_tevinter }"
140;1001;"{ name ""tevinter";140;""" culture = imperial_tevinter }"
141;1001;"{ name ""tevinter";141;""" culture = imperial_tevinter }"
142;1001;"{ name ""tevinter";142;""" culture = imperial_tevinter }"
143;1001;"{ name ""tevinter";143;""" culture = imperial_tevinter }"
144;1001;"{ name ""tevinter";144;""" culture = imperial_tevinter }"
145;1001;"{ name ""tevinter";145;""" culture = imperial_tevinter }"
146;1001;"{ name ""tevinter";146;""" culture = imperial_tevinter }"
147;1001;"{ name ""tevinter";147;""" culture = imperial_tevinter }"
148;1001;"{ name ""tevinter";148;""" culture = imperial_tevinter }"
149;1001;"{ name ""tevinter";149;""" culture = imperial_tevinter }"
150;1001;"{ name ""tevinter";150;""" culture = imperial_tevinter }"
151;1001;"{ name ""tevinter";151;""" culture = imperial_tevinter }"
152;1001;"{ name ""tevinter";152;""" culture = imperial_tevinter }"
153;1001;"{ name ""tevinter";153;""" culture = imperial_tevinter }"
154;1001;"{ name ""tevinter";154;""" culture = imperial_tevinter }"
155;1001;"{ name ""tevinter";155;""" culture = imperial_tevinter }"
156;1001;"{ name ""tevinter";156;""" culture = imperial_tevinter }"
157;1001;"{ name ""tevinter";157;""" culture = imperial_tevinter }"
158;1001;"{ name ""tevinter";158;""" culture = imperial_tevinter }"
159;1001;"{ name ""tevinter";159;""" culture = imperial_tevinter }"
160;1001;"{ name ""tevinter";160;""" culture = imperial_tevinter }"
161;1001;"{ name ""tevinter";161;""" culture = imperial_tevinter }"
162;1001;"{ name ""tevinter";162;""" culture = imperial_tevinter }"
163;1001;"{ name ""tevinter";163;""" culture = imperial_tevinter }"
164;1001;"{ name ""tevinter";164;""" culture = imperial_tevinter }"
165;1001;"{ name ""tevinter";165;""" culture = imperial_tevinter }"
166;1001;"{ name ""tevinter";166;""" culture = imperial_tevinter }"
167;1001;"{ name ""tevinter";167;""" culture = imperial_tevinter }"
168;1001;"{ name ""tevinter";168;""" culture = imperial_tevinter }"
169;1001;"{ name ""tevinter";169;""" culture = imperial_tevinter }"
170;1001;"{ name ""tevinter";170;""" culture = imperial_tevinter }"
171;1001;"{ name ""tevinter";171;""" culture = imperial_tevinter }"
172;1001;"{ name ""tevinter";172;""" culture = imperial_tevinter }"
173;1001;"{ name ""tevinter";173;""" culture = imperial_tevinter }"
174;1001;"{ name ""tevinter";174;""" culture = imperial_tevinter }"
175;1001;"{ name ""tevinter";175;""" culture = imperial_tevinter }"
176;1001;"{ name ""tevinter";176;""" culture = imperial_tevinter }"
177;1001;"{ name ""tevinter";177;""" culture = imperial_tevinter }"
178;1001;"{ name ""tevinter";178;""" culture = imperial_tevinter }"
179;1001;"{ name ""tevinter";179;""" culture = imperial_tevinter }"
180;1001;"{ name ""tevinter";180;""" culture = imperial_tevinter }"
181;1001;"{ name ""tevinter";181;""" culture = imperial_tevinter }"
182;1001;"{ name ""tevinter";182;""" culture = imperial_tevinter }"
183;1001;"{ name ""tevinter";183;""" culture = imperial_tevinter }"
184;1001;"{ name ""tevinter";184;""" culture = imperial_tevinter }"
185;1001;"{ name ""tevinter";185;""" culture = imperial_tevinter }"
186;1001;"{ name ""tevinter";186;""" culture = imperial_tevinter }"
187;1001;"{ name ""tevinter";187;""" culture = imperial_tevinter }"
188;1001;"{ name ""tevinter";188;""" culture = imperial_tevinter }"
189;1001;"{ name ""tevinter";189;""" culture = imperial_tevinter }"
190;1001;"{ name ""tevinter";190;""" culture = imperial_tevinter }"
191;1001;"{ name ""tevinter";191;""" culture = imperial_tevinter }"
192;1001;"{ name ""tevinter";192;""" culture = imperial_tevinter }"
193;1001;"{ name ""tevinter";193;""" culture = imperial_tevinter }"
194;1001;"{ name ""tevinter";194;""" culture = imperial_tevinter }"
195;1001;"{ name ""tevinter";195;""" culture = imperial_tevinter }"
196;1001;"{ name ""tevinter";196;""" culture = imperial_tevinter }"
197;1001;"{ name ""tevinter";197;""" culture = imperial_tevinter }"
198;1001;"{ name ""tevinter";198;""" culture = imperial_tevinter }"
199;1001;"{ name ""tevinter";199;""" culture = imperial_tevinter }"
200;1001;"{ name ""tevinter";200;""" culture = imperial_tevinter }"
201;1001;"{ name ""tevinter";201;""" culture = imperial_tevinter }"
202;1001;"{ name ""tevinter";202;""" culture = imperial_tevinter }"
203;1001;"{ name ""tevinter";203;""" culture = imperial_tevinter }"
204;1001;"{ name ""tevinter";204;""" culture = imperial_tevinter }"
205;1001;"{ name ""tevinter";205;""" culture = imperial_tevinter }"
206;1001;"{ name ""tevinter";206;""" culture = imperial_tevinter }"
207;1001;"{ name ""tevinter";207;""" culture = imperial_tevinter }"
208;1001;"{ name ""tevinter";208;""" culture = imperial_tevinter }"
209;1001;"{ name ""tevinter";209;""" culture = imperial_tevinter }"
210;1001;"{ name ""tevinter";210;""" culture = imperial_tevinter }"
211;1001;"{ name ""tevinter";211;""" culture = imperial_tevinter }"
212;1001;"{ name ""tevinter";212;""" culture = imperial_tevinter }"
213;1001;"{ name ""tevinter";213;""" culture = imperial_tevinter }"
214;1001;"{ name ""tevinter";214;""" culture = imperial_tevinter }"
215;1001;"{ name ""tevinter";215;""" culture = imperial_tevinter }"
216;1001;"{ name ""tevinter";216;""" culture = imperial_tevinter }"
217;1001;"{ name ""tevinter";217;""" culture = imperial_tevinter }"
218;1001;"{ name ""tevinter";218;""" culture = imperial_tevinter }"
219;1001;"{ name ""tevinter";219;""" culture = imperial_tevinter }"
220;1001;"{ name ""tevinter";220;""" culture = imperial_tevinter }"
221;1001;"{ name ""tevinter";221;""" culture = imperial_tevinter }"
222;1001;"{ name ""tevinter";222;""" culture = imperial_tevinter }"
223;1001;"{ name ""tevinter";223;""" culture = imperial_tevinter }"
224;1001;"{ name ""tevinter";224;""" culture = imperial_tevinter }"
225;1001;"{ name ""tevinter";225;""" culture = imperial_tevinter }"
226;1001;"{ name ""tevinter";226;""" culture = imperial_tevinter }"
227;1001;"{ name ""tevinter";227;""" culture = imperial_tevinter }"
228;1001;"{ name ""tevinter";228;""" culture = imperial_tevinter }"
229;1001;"{ name ""tevinter";229;""" culture = imperial_tevinter }"
230;1001;"{ name ""tevinter";230;""" culture = imperial_tevinter }"
231;1001;"{ name ""tevinter";231;""" culture = imperial_tevinter }"
232;1001;"{ name ""tevinter";232;""" culture = imperial_tevinter }"
233;1001;"{ name ""tevinter";233;""" culture = imperial_tevinter }"
234;1001;"{ name ""tevinter";234;""" culture = imperial_tevinter }"
235;1001;"{ name ""tevinter";235;""" culture = imperial_tevinter }"
236;1001;"{ name ""tevinter";236;""" culture = imperial_tevinter }"
237;1001;"{ name ""tevinter";237;""" culture = imperial_tevinter }"
238;1001;"{ name ""tevinter";238;""" culture = imperial_tevinter }"
239;1001;"{ name ""tevinter";239;""" culture = imperial_tevinter }"
240;1001;"{ name ""tevinter";240;""" culture = imperial_tevinter }"
241;1001;"{ name ""tevinter";241;""" culture = imperial_tevinter }"
242;1001;"{ name ""tevinter";242;""" culture = imperial_tevinter }"
243;1001;"{ name ""tevinter";243;""" culture = imperial_tevinter }"
244;1001;"{ name ""tevinter";244;""" culture = imperial_tevinter }"
245;1001;"{ name ""tevinter";245;""" culture = imperial_tevinter }"
246;1001;"{ name ""tevinter";246;""" culture = imperial_tevinter }"
247;1001;"{ name ""tevinter";247;""" culture = imperial_tevinter }"
248;1001;"{ name ""tevinter";248;""" culture = imperial_tevinter }"
249;1001;"{ name ""tevinter";249;""" culture = imperial_tevinter }"
250;1001;"{ name ""tevinter";250;""" culture = imperial_tevinter }"
251;1001;"{ name ""tevinter";251;""" culture = imperial_tevinter }"
252;1001;"{ name ""tevinter";252;""" culture = imperial_tevinter }"
253;1001;"{ name ""tevinter";253;""" culture = imperial_tevinter }"
254;1001;"{ name ""tevinter";254;""" culture = imperial_tevinter }"
255;1001;"{ name ""tevinter";255;""" culture = imperial_tevinter }"
256;1001;"{ name ""tevinter";256;""" culture = imperial_tevinter }"
257;1001;"{ name ""tevinter";257;""" culture = imperial_tevinter }"
258;1001;"{ name ""tevinter";258;""" culture = imperial_tevinter }"
259;1001;"{ name ""tevinter";259;""" culture = imperial_tevinter }"
260;1001;"{ name ""tevinter";260;""" culture = imperial_tevinter }"
261;1001;"{ name ""tevinter";261;""" culture = imperial_tevinter }"
262;1001;"{ name ""tevinter";262;""" culture = imperial_tevinter }"
263;1001;"{ name ""tevinter";263;""" culture = imperial_tevinter }"
264;1001;"{ name ""tevinter";264;""" culture = imperial_tevinter }"
265;1001;"{ name ""tevinter";265;""" culture = imperial_tevinter }"
266;1001;"{ name ""tevinter";266;""" culture = imperial_tevinter }"
267;1001;"{ name ""tevinter";267;""" culture = imperial_tevinter }"
268;1001;"{ name ""tevinter";268;""" culture = imperial_tevinter }"
269;1001;"{ name ""tevinter";269;""" culture = imperial_tevinter }"
270;1001;"{ name ""tevinter";270;""" culture = imperial_tevinter }"
271;1001;"{ name ""tevinter";271;""" culture = imperial_tevinter }"
272;1001;"{ name ""tevinter";272;""" culture = imperial_tevinter }"
273;1001;"{ name ""tevinter";273;""" culture = imperial_tevinter }"
274;1001;"{ name ""tevinter";274;""" culture = imperial_tevinter }"
275;1001;"{ name ""tevinter";275;""" culture = imperial_tevinter }"
276;1001;"{ name ""tevinter";276;""" culture = imperial_tevinter }"
277;1001;"{ name ""tevinter";277;""" culture = imperial_tevinter }"
278;1001;"{ name ""tevinter";278;""" culture = imperial_tevinter }"
279;1001;"{ name ""tevinter";279;""" culture = imperial_tevinter }"
280;1001;"{ name ""tevinter";280;""" culture = imperial_tevinter }"
281;1001;"{ name ""tevinter";281;""" culture = imperial_tevinter }"
282;1001;"{ name ""tevinter";282;""" culture = imperial_tevinter }"
283;1001;"{ name ""tevinter";283;""" culture = imperial_tevinter }"
284;1001;"{ name ""tevinter";284;""" culture = imperial_tevinter }"
285;1001;"{ name ""tevinter";285;""" culture = imperial_tevinter }"
286;1001;"{ name ""tevinter";286;""" culture = imperial_tevinter }"
287;1001;"{ name ""tevinter";287;""" culture = imperial_tevinter }"
288;1001;"{ name ""tevinter";288;""" culture = imperial_tevinter }"
289;1001;"{ name ""tevinter";289;""" culture = imperial_tevinter }"
290;1001;"{ name ""tevinter";290;""" culture = imperial_tevinter }"
291;1001;"{ name ""tevinter";291;""" culture = imperial_tevinter }"
292;1001;"{ name ""tevinter";292;""" culture = imperial_tevinter }"
293;1001;"{ name ""tevinter";293;""" culture = imperial_tevinter }"
294;1001;"{ name ""tevinter";294;""" culture = imperial_tevinter }"
295;1001;"{ name ""tevinter";295;""" culture = imperial_tevinter }"
296;1001;"{ name ""tevinter";296;""" culture = imperial_tevinter }"
297;1001;"{ name ""tevinter";297;""" culture = imperial_tevinter }"
298;1001;"{ name ""tevinter";298;""" culture = imperial_tevinter }"
299;1001;"{ name ""tevinter";299;""" culture = imperial_tevinter }"
300;1001;"{ name ""tevinter";300;""" culture = imperial_tevinter }"
301;1001;"{ name ""tevinter";301;""" culture = imperial_tevinter }"
302;1001;"{ name ""tevinter";302;""" culture = imperial_tevinter }"
303;1001;"{ name ""tevinter";303;""" culture = imperial_tevinter }"
304;1001;"{ name ""tevinter";304;""" culture = imperial_tevinter }"
305;1001;"{ name ""tevinter";305;""" culture = imperial_tevinter }"
306;1001;"{ name ""tevinter";306;""" culture = imperial_tevinter }"
307;1001;"{ name ""tevinter";307;""" culture = imperial_tevinter }"
308;1001;"{ name ""tevinter";308;""" culture = imperial_tevinter }"
309;1001;"{ name ""tevinter";309;""" culture = imperial_tevinter }"
310;1001;"{ name ""tevinter";310;""" culture = imperial_tevinter }"
311;1001;"{ name ""tevinter";311;""" culture = imperial_tevinter }"
312;1001;"{ name ""tevinter";312;""" culture = imperial_tevinter }"
313;1001;"{ name ""tevinter";313;""" culture = imperial_tevinter }"
314;1001;"{ name ""tevinter";314;""" culture = imperial_tevinter }"
315;1001;"{ name ""tevinter";315;""" culture = imperial_tevinter }"
316;1001;"{ name ""tevinter";316;""" culture = imperial_tevinter }"
317;1001;"{ name ""tevinter";317;""" culture = imperial_tevinter }"
318;1001;"{ name ""tevinter";318;""" culture = imperial_tevinter }"
319;1001;"{ name ""tevinter";319;""" culture = imperial_tevinter }"
320;1001;"{ name ""tevinter";320;""" culture = imperial_tevinter }"
321;1001;"{ name ""tevinter";321;""" culture = imperial_tevinter }"
322;1001;"{ name ""tevinter";322;""" culture = imperial_tevinter }"
323;1001;"{ name ""tevinter";323;""" culture = imperial_tevinter }"
324;1001;"{ name ""tevinter";324;""" culture = imperial_tevinter }"
325;1001;"{ name ""tevinter";325;""" culture = imperial_tevinter }"
326;1001;"{ name ""tevinter";326;""" culture = imperial_tevinter }"
327;1001;"{ name ""tevinter";327;""" culture = imperial_tevinter }"
328;1001;"{ name ""tevinter";328;""" culture = imperial_tevinter }"
329;1001;"{ name ""tevinter";329;""" culture = imperial_tevinter }"
330;1001;"{ name ""tevinter";330;""" culture = imperial_tevinter }"
331;1001;"{ name ""tevinter";331;""" culture = imperial_tevinter }"
332;1001;"{ name ""tevinter";332;""" culture = imperial_tevinter }"
333;1001;"{ name ""tevinter";333;""" culture = imperial_tevinter }"
334;1001;"{ name ""tevinter";334;""" culture = imperial_tevinter }"
335;1001;"{ name ""tevinter";335;""" culture = imperial_tevinter }"
336;1001;"{ name ""tevinter";336;""" culture = imperial_tevinter }"
337;1001;"{ name ""tevinter";337;""" culture = imperial_tevinter }"
338;1001;"{ name ""tevinter";338;""" culture = imperial_tevinter }"
339;1001;"{ name ""tevinter";339;""" culture = imperial_tevinter }"
340;1001;"{ name ""tevinter";340;""" culture = imperial_tevinter }"
341;1001;"{ name ""tevinter";341;""" culture = imperial_tevinter }"
342;1001;"{ name ""tevinter";342;""" culture = imperial_tevinter }"
343;1001;"{ name ""tevinter";343;""" culture = imperial_tevinter }"
344;1001;"{ name ""tevinter";344;""" culture = imperial_tevinter }"
345;1001;"{ name ""tevinter";345;""" culture = imperial_tevinter }"
346;1001;"{ name ""tevinter";346;""" culture = imperial_tevinter }"
347;1001;"{ name ""tevinter";347;""" culture = imperial_tevinter }"
348;1001;"{ name ""tevinter";348;""" culture = imperial_tevinter }"
349;1001;"{ name ""tevinter";349;""" culture = imperial_tevinter }"
350;1001;"{ name ""tevinter";350;""" culture = imperial_tevinter }"
351;1001;"{ name ""tevinter";351;""" culture = imperial_tevinter }"
352;1001;"{ name ""tevinter";352;""" culture = imperial_tevinter }"
353;1001;"{ name ""tevinter";353;""" culture = imperial_tevinter }"
354;1001;"{ name ""tevinter";354;""" culture = imperial_tevinter }"
355;1001;"{ name ""tevinter";355;""" culture = imperial_tevinter }"
356;1001;"{ name ""tevinter";356;""" culture = imperial_tevinter }"
357;1001;"{ name ""tevinter";357;""" culture = imperial_tevinter }"
358;1001;"{ name ""tevinter";358;""" culture = imperial_tevinter }"
359;1001;"{ name ""tevinter";359;""" culture = imperial_tevinter }"
360;1001;"{ name ""tevinter";360;""" culture = imperial_tevinter }"
361;1001;"{ name ""tevinter";361;""" culture = imperial_tevinter }"
362;1001;"{ name ""tevinter";362;""" culture = imperial_tevinter }"
363;1001;"{ name ""tevinter";363;""" culture = imperial_tevinter }"
364;1001;"{ name ""tevinter";364;""" culture = imperial_tevinter }"
365;1001;"{ name ""tevinter";365;""" culture = imperial_tevinter }"
366;1001;"{ name ""tevinter";366;""" culture = imperial_tevinter }"
367;1001;"{ name ""tevinter";367;""" culture = imperial_tevinter }"
368;1001;"{ name ""tevinter";368;""" culture = imperial_tevinter }"
369;1001;"{ name ""tevinter";369;""" culture = imperial_tevinter }"
370;1001;"{ name ""tevinter";370;""" culture = imperial_tevinter }"
371;1001;"{ name ""tevinter";371;""" culture = imperial_tevinter }"
372;1001;"{ name ""tevinter";372;""" culture = imperial_tevinter }"
373;1001;"{ name ""tevinter";373;""" culture = imperial_tevinter }"
374;1001;"{ name ""tevinter";374;""" culture = imperial_tevinter }"
375;1001;"{ name ""tevinter";375;""" culture = imperial_tevinter }"
376;1001;"{ name ""tevinter";376;""" culture = imperial_tevinter }"
377;1001;"{ name ""tevinter";377;""" culture = imperial_tevinter }"
378;1001;"{ name ""tevinter";378;""" culture = imperial_tevinter }"
379;1001;"{ name ""tevinter";379;""" culture = imperial_tevinter }"
380;1001;"{ name ""tevinter";380;""" culture = imperial_tevinter }"
381;1001;"{ name ""tevinter";381;""" culture = imperial_tevinter }"
382;1001;"{ name ""tevinter";382;""" culture = imperial_tevinter }"
383;1001;"{ name ""tevinter";383;""" culture = imperial_tevinter }"
384;1001;"{ name ""tevinter";384;""" culture = imperial_tevinter }"
385;1001;"{ name ""tevinter";385;""" culture = imperial_tevinter }"
386;1001;"{ name ""tevinter";386;""" culture = imperial_tevinter }"
387;1001;"{ name ""tevinter";387;""" culture = imperial_tevinter }"
388;1001;"{ name ""tevinter";388;""" culture = imperial_tevinter }"
389;1001;"{ name ""tevinter";389;""" culture = imperial_tevinter }"
390;1001;"{ name ""tevinter";390;""" culture = imperial_tevinter }"
391;1001;"{ name ""tevinter";391;""" culture = imperial_tevinter }"
392;1001;"{ name ""tevinter";392;""" culture = imperial_tevinter }"
393;1001;"{ name ""tevinter";393;""" culture = imperial_tevinter }"
394;1001;"{ name ""tevinter";394;""" culture = imperial_tevinter }"
395;1001;"{ name ""tevinter";395;""" culture = imperial_tevinter }"
396;1001;"{ name ""tevinter";396;""" culture = imperial_tevinter }"
397;1001;"{ name ""tevinter";397;""" culture = imperial_tevinter }"
398;1001;"{ name ""tevinter";398;""" culture = imperial_tevinter }"
399;1001;"{ name ""tevinter";399;""" culture = imperial_tevinter }"
400;1001;"{ name ""tevinter";400;""" culture = imperial_tevinter }"
401;1001;"{ name ""tevinter";401;""" culture = imperial_tevinter }"
402;1001;"{ name ""tevinter";402;""" culture = imperial_tevinter }"
403;1001;"{ name ""tevinter";403;""" culture = imperial_tevinter }"
404;1001;"{ name ""tevinter";404;""" culture = imperial_tevinter }"
405;1001;"{ name ""tevinter";405;""" culture = imperial_tevinter }"
406;1001;"{ name ""tevinter";406;""" culture = imperial_tevinter }"
407;1001;"{ name ""tevinter";407;""" culture = imperial_tevinter }"
408;1001;"{ name ""tevinter";408;""" culture = imperial_tevinter }"
409;1001;"{ name ""tevinter";409;""" culture = imperial_tevinter }"
410;1001;"{ name ""tevinter";410;""" culture = imperial_tevinter }"
411;1001;"{ name ""tevinter";411;""" culture = imperial_tevinter }"
412;1001;"{ name ""tevinter";412;""" culture = imperial_tevinter }"
413;1001;"{ name ""tevinter";413;""" culture = imperial_tevinter }"
414;1001;"{ name ""tevinter";414;""" culture = imperial_tevinter }"
415;1001;"{ name ""tevinter";415;""" culture = imperial_tevinter }"
416;1001;"{ name ""tevinter";416;""" culture = imperial_tevinter }"
417;1001;"{ name ""tevinter";417;""" culture = imperial_tevinter }"
418;1001;"{ name ""tevinter";418;""" culture = imperial_tevinter }"
419;1001;"{ name ""tevinter";419;""" culture = imperial_tevinter }"
420;1001;"{ name ""tevinter";420;""" culture = imperial_tevinter }"
421;1001;"{ name ""tevinter";421;""" culture = imperial_tevinter }"
422;1001;"{ name ""tevinter";422;""" culture = imperial_tevinter }"
423;1001;"{ name ""tevinter";423;""" culture = imperial_tevinter }"
424;1001;"{ name ""tevinter";424;""" culture = imperial_tevinter }"
425;1001;"{ name ""tevinter";425;""" culture = imperial_tevinter }"
426;1001;"{ name ""tevinter";426;""" culture = imperial_tevinter }"
427;1001;"{ name ""tevinter";427;""" culture = imperial_tevinter }"
428;1001;"{ name ""tevinter";428;""" culture = imperial_tevinter }"
429;1001;"{ name ""tevinter";429;""" culture = imperial_tevinter }"
430;1001;"{ name ""tevinter";430;""" culture = imperial_tevinter }"
431;1001;"{ name ""tevinter";431;""" culture = imperial_tevinter }"
432;1001;"{ name ""tevinter";432;""" culture = imperial_tevinter }"
433;1001;"{ name ""tevinter";433;""" culture = imperial_tevinter }"
434;1001;"{ name ""tevinter";434;""" culture = imperial_tevinter }"
435;1001;"{ name ""tevinter";435;""" culture = imperial_tevinter }"
436;1001;"{ name ""tevinter";436;""" culture = imperial_tevinter }"
437;1001;"{ name ""tevinter";437;""" culture = imperial_tevinter }"
438;1001;"{ name ""tevinter";438;""" culture = imperial_tevinter }"
439;1001;"{ name ""tevinter";439;""" culture = imperial_tevinter }"
440;1001;"{ name ""tevinter";440;""" culture = imperial_tevinter }"
441;1001;"{ name ""tevinter";441;""" culture = imperial_tevinter }"
442;1001;"{ name ""tevinter";442;""" culture = imperial_tevinter }"
443;1001;"{ name ""tevinter";443;""" culture = imperial_tevinter }"
444;1001;"{ name ""tevinter";444;""" culture = imperial_tevinter }"
445;1001;"{ name ""tevinter";445;""" culture = imperial_tevinter }"
446;1001;"{ name ""tevinter";446;""" culture = imperial_tevinter }"
447;1001;"{ name ""tevinter";447;""" culture = imperial_tevinter }"
448;1001;"{ name ""tevinter";448;""" culture = imperial_tevinter }"
449;1001;"{ name ""tevinter";449;""" culture = imperial_tevinter }"
450;1001;"{ name ""tevinter";450;""" culture = imperial_tevinter }"
451;1001;"{ name ""tevinter";451;""" culture = imperial_tevinter }"
452;1001;"{ name ""tevinter";452;""" culture = imperial_tevinter }"
453;1001;"{ name ""tevinter";453;""" culture = imperial_tevinter }"
454;1001;"{ name ""tevinter";454;""" culture = imperial_tevinter }"
455;1001;"{ name ""tevinter";455;""" culture = imperial_tevinter }"
456;1001;"{ name ""tevinter";456;""" culture = imperial_tevinter }"
457;1001;"{ name ""tevinter";457;""" culture = imperial_tevinter }"
458;1001;"{ name ""tevinter";458;""" culture = imperial_tevinter }"
459;1001;"{ name ""tevinter";459;""" culture = imperial_tevinter }"
460;1001;"{ name ""tevinter";460;""" culture = imperial_tevinter }"
461;1001;"{ name ""tevinter";461;""" culture = imperial_tevinter }"
462;1001;"{ name ""tevinter";462;""" culture = imperial_tevinter }"
463;1001;"{ name ""tevinter";463;""" culture = imperial_tevinter }"
464;1001;"{ name ""tevinter";464;""" culture = imperial_tevinter }"
465;1001;"{ name ""tevinter";465;""" culture = imperial_tevinter }"
466;1001;"{ name ""tevinter";466;""" culture = imperial_tevinter }"
467;1001;"{ name ""tevinter";467;""" culture = imperial_tevinter }"
468;1001;"{ name ""tevinter";468;""" culture = imperial_tevinter }"
469;1001;"{ name ""tevinter";469;""" culture = imperial_tevinter }"
470;1001;"{ name ""tevinter";470;""" culture = imperial_tevinter }"
471;1001;"{ name ""tevinter";471;""" culture = imperial_tevinter }"
472;1001;"{ name ""tevinter";472;""" culture = imperial_tevinter }"
473;1001;"{ name ""tevinter";473;""" culture = imperial_tevinter }"
474;1001;"{ name ""tevinter";474;""" culture = imperial_tevinter }"
475;1001;"{ name ""tevinter";475;""" culture = imperial_tevinter }"
476;1001;"{ name ""tevinter";476;""" culture = imperial_tevinter }"
477;1001;"{ name ""tevinter";477;""" culture = imperial_tevinter }"
478;1001;"{ name ""tevinter";478;""" culture = imperial_tevinter }"
479;1001;"{ name ""tevinter";479;""" culture = imperial_tevinter }"
480;1001;"{ name ""tevinter";480;""" culture = imperial_tevinter }"
481;1001;"{ name ""tevinter";481;""" culture = imperial_tevinter }"
482;1001;"{ name ""tevinter";482;""" culture = imperial_tevinter }"
483;1001;"{ name ""tevinter";483;""" culture = imperial_tevinter }"
484;1001;"{ name ""tevinter";484;""" culture = imperial_tevinter }"
485;1001;"{ name ""tevinter";485;""" culture = imperial_tevinter }"
486;1001;"{ name ""tevinter";486;""" culture = imperial_tevinter }"
487;1001;"{ name ""tevinter";487;""" culture = imperial_tevinter }"
488;1001;"{ name ""tevinter";488;""" culture = imperial_tevinter }"
489;1001;"{ name ""tevinter";489;""" culture = imperial_tevinter }"
490;1001;"{ name ""tevinter";490;""" culture = imperial_tevinter }"
491;1001;"{ name ""tevinter";491;""" culture = imperial_tevinter }"
492;1001;"{ name ""tevinter";492;""" culture = imperial_tevinter }"
493;1001;"{ name ""tevinter";493;""" culture = imperial_tevinter }"
494;1001;"{ name ""tevinter";494;""" culture = imperial_tevinter }"
495;1001;"{ name ""tevinter";495;""" culture = imperial_tevinter }"
496;1001;"{ name ""tevinter";496;""" culture = imperial_tevinter }"
497;1001;"{ name ""tevinter";497;""" culture = imperial_tevinter }"
498;1001;"{ name ""tevinter";498;""" culture = imperial_tevinter }"
499;1001;"{ name ""tevinter";499;""" culture = imperial_tevinter }"
500;1001;"{ name ""tevinter";500;""" culture = imperial_tevinter }"
501;1001;"{ name ""tevinter";501;""" culture = imperial_tevinter }"
502;1001;"{ name ""tevinter";502;""" culture = imperial_tevinter }"
503;1001;"{ name ""tevinter";503;""" culture = imperial_tevinter }"
504;1001;"{ name ""tevinter";504;""" culture = imperial_tevinter }"
505;1001;"{ name ""tevinter";505;""" culture = imperial_tevinter }"
506;1001;"{ name ""tevinter";506;""" culture = imperial_tevinter }"
507;1001;"{ name ""tevinter";507;""" culture = imperial_tevinter }"
508;1001;"{ name ""tevinter";508;""" culture = imperial_tevinter }"
509;1001;"{ name ""tevinter";509;""" culture = imperial_tevinter }"
510;1001;"{ name ""tevinter";510;""" culture = imperial_tevinter }"
511;1001;"{ name ""tevinter";511;""" culture = imperial_tevinter }"
512;1001;"{ name ""tevinter";512;""" culture = imperial_tevinter }"
513;1001;"{ name ""tevinter";513;""" culture = imperial_tevinter }"
514;1001;"{ name ""tevinter";514;""" culture = imperial_tevinter }"
515;1001;"{ name ""tevinter";515;""" culture = imperial_tevinter }"
516;1001;"{ name ""tevinter";516;""" culture = imperial_tevinter }"
517;1001;"{ name ""tevinter";517;""" culture = imperial_tevinter }"
518;1001;"{ name ""tevinter";518;""" culture = imperial_tevinter }"
519;1001;"{ name ""tevinter";519;""" culture = imperial_tevinter }"
520;1001;"{ name ""tevinter";520;""" culture = imperial_tevinter }"
521;1001;"{ name ""tevinter";521;""" culture = imperial_tevinter }"
522;1001;"{ name ""tevinter";522;""" culture = imperial_tevinter }"
523;1001;"{ name ""tevinter";523;""" culture = imperial_tevinter }"
524;1001;"{ name ""tevinter";524;""" culture = imperial_tevinter }"
525;1001;"{ name ""tevinter";525;""" culture = imperial_tevinter }"
526;1001;"{ name ""tevinter";526;""" culture = imperial_tevinter }"
527;1001;"{ name ""tevinter";527;""" culture = imperial_tevinter }"
528;1001;"{ name ""tevinter";528;""" culture = imperial_tevinter }"
529;1001;"{ name ""tevinter";529;""" culture = imperial_tevinter }"
530;1001;"{ name ""tevinter";530;""" culture = imperial_tevinter }"
531;1001;"{ name ""tevinter";531;""" culture = imperial_tevinter }"
532;1001;"{ name ""tevinter";532;""" culture = imperial_tevinter }"
533;1001;"{ name ""tevinter";533;""" culture = imperial_tevinter }"
534;1001;"{ name ""tevinter";534;""" culture = imperial_tevinter }"
535;1001;"{ name ""tevinter";535;""" culture = imperial_tevinter }"
536;1001;"{ name ""tevinter";536;""" culture = imperial_tevinter }"
537;1001;"{ name ""tevinter";537;""" culture = imperial_tevinter }"
538;1001;"{ name ""tevinter";538;""" culture = imperial_tevinter }"
539;1001;"{ name ""tevinter";539;""" culture = imperial_tevinter }"
540;1001;"{ name ""tevinter";540;""" culture = imperial_tevinter }"
541;1001;"{ name ""tevinter";541;""" culture = imperial_tevinter }"
542;1001;"{ name ""tevinter";542;""" culture = imperial_tevinter }"
543;1001;"{ name ""tevinter";543;""" culture = imperial_tevinter }"
544;1001;"{ name ""tevinter";544;""" culture = imperial_tevinter }"
545;1001;"{ name ""tevinter";545;""" culture = imperial_tevinter }"
546;1001;"{ name ""tevinter";546;""" culture = imperial_tevinter }"
547;1001;"{ name ""tevinter";547;""" culture = imperial_tevinter }"
548;1001;"{ name ""tevinter";548;""" culture = imperial_tevinter }"
549;1001;"{ name ""tevinter";549;""" culture = imperial_tevinter }"
550;1001;"{ name ""tevinter";550;""" culture = imperial_tevinter }"
551;1001;"{ name ""tevinter";551;""" culture = imperial_tevinter }"
552;1001;"{ name ""tevinter";552;""" culture = imperial_tevinter }"
553;1001;"{ name ""tevinter";553;""" culture = imperial_tevinter }"
554;1001;"{ name ""tevinter";554;""" culture = imperial_tevinter }"
555;1001;"{ name ""tevinter";555;""" culture = imperial_tevinter }"
556;1001;"{ name ""tevinter";556;""" culture = imperial_tevinter }"
557;1001;"{ name ""tevinter";557;""" culture = imperial_tevinter }"
558;1001;"{ name ""tevinter";558;""" culture = imperial_tevinter }"
559;1001;"{ name ""tevinter";559;""" culture = imperial_tevinter }"
560;1001;"{ name ""tevinter";560;""" culture = imperial_tevinter }"
561;1001;"{ name ""tevinter";561;""" culture = imperial_tevinter }"
562;1001;"{ name ""tevinter";562;""" culture = imperial_tevinter }"
563;1001;"{ name ""tevinter";563;""" culture = imperial_tevinter }"
564;1001;"{ name ""tevinter";564;""" culture = imperial_tevinter }"
565;1001;"{ name ""tevinter";565;""" culture = imperial_tevinter }"
566;1001;"{ name ""tevinter";566;""" culture = imperial_tevinter }"
567;1001;"{ name ""tevinter";567;""" culture = imperial_tevinter }"
568;1001;"{ name ""tevinter";568;""" culture = imperial_tevinter }"
569;1001;"{ name ""tevinter";569;""" culture = imperial_tevinter }"
570;1001;"{ name ""tevinter";570;""" culture = imperial_tevinter }"
571;1001;"{ name ""tevinter";571;""" culture = imperial_tevinter }"
572;1001;"{ name ""tevinter";572;""" culture = imperial_tevinter }"
573;1001;"{ name ""tevinter";573;""" culture = imperial_tevinter }"
574;1001;"{ name ""tevinter";574;""" culture = imperial_tevinter }"
575;1001;"{ name ""tevinter";575;""" culture = imperial_tevinter }"
576;1001;"{ name ""tevinter";576;""" culture = imperial_tevinter }"
577;1001;"{ name ""tevinter";577;""" culture = imperial_tevinter }"
578;1001;"{ name ""tevinter";578;""" culture = imperial_tevinter }"
579;1001;"{ name ""tevinter";579;""" culture = imperial_tevinter }"
580;1001;"{ name ""tevinter";580;""" culture = imperial_tevinter }"
581;1001;"{ name ""tevinter";581;""" culture = imperial_tevinter }"
582;1001;"{ name ""tevinter";582;""" culture = imperial_tevinter }"
583;1001;"{ name ""tevinter";583;""" culture = imperial_tevinter }"
584;1001;"{ name ""tevinter";584;""" culture = imperial_tevinter }"
585;1001;"{ name ""tevinter";585;""" culture = imperial_tevinter }"
586;1001;"{ name ""tevinter";586;""" culture = imperial_tevinter }"
587;1001;"{ name ""tevinter";587;""" culture = imperial_tevinter }"
588;1001;"{ name ""tevinter";588;""" culture = imperial_tevinter }"
589;1001;"{ name ""tevinter";589;""" culture = imperial_tevinter }"
590;1001;"{ name ""tevinter";590;""" culture = imperial_tevinter }"
591;1001;"{ name ""tevinter";591;""" culture = imperial_tevinter }"
592;1001;"{ name ""tevinter";592;""" culture = imperial_tevinter }"
593;1001;"{ name ""tevinter";593;""" culture = imperial_tevinter }"
594;1001;"{ name ""tevinter";594;""" culture = imperial_tevinter }"
595;1001;"{ name ""tevinter";595;""" culture = imperial_tevinter }"
596;1001;"{ name ""tevinter";596;""" culture = imperial_tevinter }"
597;1001;"{ name ""tevinter";597;""" culture = imperial_tevinter }"
598;1001;"{ name ""tevinter";598;""" culture = imperial_tevinter }"
599;1001;"{ name ""tevinter";599;""" culture = imperial_tevinter }"
600;1001;"{ name ""tevinter";600;""" culture = imperial_tevinter }"
601;1001;"{ name ""tevinter";601;""" culture = imperial_tevinter }"
602;1001;"{ name ""tevinter";602;""" culture = imperial_tevinter }"
603;1001;"{ name ""tevinter";603;""" culture = imperial_tevinter }"
604;1001;"{ name ""tevinter";604;""" culture = imperial_tevinter }"
605;1001;"{ name ""tevinter";605;""" culture = imperial_tevinter }"
606;1001;"{ name ""tevinter";606;""" culture = imperial_tevinter }"
607;1001;"{ name ""tevinter";607;""" culture = imperial_tevinter }"
608;1001;"{ name ""tevinter";608;""" culture = imperial_tevinter }"
609;1001;"{ name ""tevinter";609;""" culture = imperial_tevinter }"
610;1001;"{ name ""tevinter";610;""" culture = imperial_tevinter }"
611;1001;"{ name ""tevinter";611;""" culture = imperial_tevinter }"
612;1001;"{ name ""tevinter";612;""" culture = imperial_tevinter }"
613;1001;"{ name ""tevinter";613;""" culture = imperial_tevinter }"
614;1001;"{ name ""tevinter";614;""" culture = imperial_tevinter }"
615;1001;"{ name ""tevinter";615;""" culture = imperial_tevinter }"
616;1001;"{ name ""tevinter";616;""" culture = imperial_tevinter }"
617;1001;"{ name ""tevinter";617;""" culture = imperial_tevinter }"
618;1001;"{ name ""tevinter";618;""" culture = imperial_tevinter }"
619;1001;"{ name ""tevinter";619;""" culture = imperial_tevinter }"
620;1001;"{ name ""tevinter";620;""" culture = imperial_tevinter }"
621;1001;"{ name ""tevinter";621;""" culture = imperial_tevinter }"
622;1001;"{ name ""tevinter";622;""" culture = imperial_tevinter }"
623;1001;"{ name ""tevinter";623;""" culture = imperial_tevinter }"
624;1001;"{ name ""tevinter";624;""" culture = imperial_tevinter }"
625;1001;"{ name ""tevinter";625;""" culture = imperial_tevinter }"
626;1001;"{ name ""tevinter";626;""" culture = imperial_tevinter }"
627;1001;"{ name ""tevinter";627;""" culture = imperial_tevinter }"
628;1001;"{ name ""tevinter";628;""" culture = imperial_tevinter }"
629;1001;"{ name ""tevinter";629;""" culture = imperial_tevinter }"
630;1001;"{ name ""tevinter";630;""" culture = imperial_tevinter }"
631;1001;"{ name ""tevinter";631;""" culture = imperial_tevinter }"
632;1001;"{ name ""tevinter";632;""" culture = imperial_tevinter }"
633;1001;"{ name ""tevinter";633;""" culture = imperial_tevinter }"
634;1001;"{ name ""tevinter";634;""" culture = imperial_tevinter }"
635;1001;"{ name ""tevinter";635;""" culture = imperial_tevinter }"
636;1001;"{ name ""tevinter";636;""" culture = imperial_tevinter }"
637;1001;"{ name ""tevinter";637;""" culture = imperial_tevinter }"
638;1001;"{ name ""tevinter";638;""" culture = imperial_tevinter }"
639;1001;"{ name ""tevinter";639;""" culture = imperial_tevinter }"
640;1001;"{ name ""tevinter";640;""" culture = imperial_tevinter }"
641;1001;"{ name ""tevinter";641;""" culture = imperial_tevinter }"
642;1001;"{ name ""tevinter";642;""" culture = imperial_tevinter }"
643;1001;"{ name ""tevinter";643;""" culture = imperial_tevinter }"
644;1001;"{ name ""tevinter";644;""" culture = imperial_tevinter }"
645;1001;"{ name ""tevinter";645;""" culture = imperial_tevinter }"
646;1001;"{ name ""tevinter";646;""" culture = imperial_tevinter }"
647;1001;"{ name ""tevinter";647;""" culture = imperial_tevinter }"
648;1001;"{ name ""tevinter";648;""" culture = imperial_tevinter }"
649;1001;"{ name ""tevinter";649;""" culture = imperial_tevinter }"
650;1001;"{ name ""tevinter";650;""" culture = imperial_tevinter }"
651;1001;"{ name ""tevinter";651;""" culture = imperial_tevinter }"
652;1001;"{ name ""tevinter";652;""" culture = imperial_tevinter }"
653;1001;"{ name ""tevinter";653;""" culture = imperial_tevinter }"
654;1001;"{ name ""tevinter";654;""" culture = imperial_tevinter }"
655;1001;"{ name ""tevinter";655;""" culture = imperial_tevinter }"
656;1001;"{ name ""tevinter";656;""" culture = imperial_tevinter }"
657;1001;"{ name ""tevinter";657;""" culture = imperial_tevinter }"
658;1001;"{ name ""tevinter";658;""" culture = imperial_tevinter }"
659;1001;"{ name ""tevinter";659;""" culture = imperial_tevinter }"
660;1001;"{ name ""tevinter";660;""" culture = imperial_tevinter }"
661;1001;"{ name ""tevinter";661;""" culture = imperial_tevinter }"
662;1001;"{ name ""tevinter";662;""" culture = imperial_tevinter }"
663;1001;"{ name ""tevinter";663;""" culture = imperial_tevinter }"
664;1001;"{ name ""tevinter";664;""" culture = imperial_tevinter }"
665;1001;"{ name ""tevinter";665;""" culture = imperial_tevinter }"
666;1001;"{ name ""tevinter";666;""" culture = imperial_tevinter }"
667;1001;"{ name ""tevinter";667;""" culture = imperial_tevinter }"
668;1001;"{ name ""tevinter";668;""" culture = imperial_tevinter }"
669;1001;"{ name ""tevinter";669;""" culture = imperial_tevinter }"
670;1001;"{ name ""tevinter";670;""" culture = imperial_tevinter }"
671;1001;"{ name ""tevinter";671;""" culture = imperial_tevinter }"
672;1001;"{ name ""tevinter";672;""" culture = imperial_tevinter }"
673;1001;"{ name ""tevinter";673;""" culture = imperial_tevinter }"
674;1001;"{ name ""tevinter";674;""" culture = imperial_tevinter }"
675;1001;"{ name ""tevinter";675;""" culture = imperial_tevinter }"
676;1001;"{ name ""tevinter";676;""" culture = imperial_tevinter }"
677;1001;"{ name ""tevinter";677;""" culture = imperial_tevinter }"
678;1001;"{ name ""tevinter";678;""" culture = imperial_tevinter }"
679;1001;"{ name ""tevinter";679;""" culture = imperial_tevinter }"
680;1001;"{ name ""tevinter";680;""" culture = imperial_tevinter }"
681;1001;"{ name ""tevinter";681;""" culture = imperial_tevinter }"
682;1001;"{ name ""tevinter";682;""" culture = imperial_tevinter }"
683;1001;"{ name ""tevinter";683;""" culture = imperial_tevinter }"
684;1001;"{ name ""tevinter";684;""" culture = imperial_tevinter }"
685;1001;"{ name ""tevinter";685;""" culture = imperial_tevinter }"
686;1001;"{ name ""tevinter";686;""" culture = imperial_tevinter }"
687;1001;"{ name ""tevinter";687;""" culture = imperial_tevinter }"
688;1001;"{ name ""tevinter";688;""" culture = imperial_tevinter }"
689;1001;"{ name ""tevinter";689;""" culture = imperial_tevinter }"
690;1001;"{ name ""tevinter";690;""" culture = imperial_tevinter }"
691;1001;"{ name ""tevinter";691;""" culture = imperial_tevinter }"
692;1001;"{ name ""tevinter";692;""" culture = imperial_tevinter }"
693;1001;"{ name ""tevinter";693;""" culture = imperial_tevinter }"
694;1001;"{ name ""tevinter";694;""" culture = imperial_tevinter }"
695;1001;"{ name ""tevinter";695;""" culture = imperial_tevinter }"
696;1001;"{ name ""tevinter";696;""" culture = imperial_tevinter }"
697;1001;"{ name ""tevinter";697;""" culture = imperial_tevinter }"
698;1001;"{ name ""tevinter";698;""" culture = imperial_tevinter }"
699;1001;"{ name ""tevinter";699;""" culture = imperial_tevinter }"
700;1001;"{ name ""tevinter";700;""" culture = imperial_tevinter }"
701;1001;"{ name ""tevinter";701;""" culture = imperial_tevinter }"
702;1001;"{ name ""tevinter";702;""" culture = imperial_tevinter }"
703;1001;"{ name ""tevinter";703;""" culture = imperial_tevinter }"
704;1001;"{ name ""tevinter";704;""" culture = imperial_tevinter }"
705;1001;"{ name ""tevinter";705;""" culture = imperial_tevinter }"
706;1001;"{ name ""tevinter";706;""" culture = imperial_tevinter }"
707;1001;"{ name ""tevinter";707;""" culture = imperial_tevinter }"
708;1001;"{ name ""tevinter";708;""" culture = imperial_tevinter }"
709;1001;"{ name ""tevinter";709;""" culture = imperial_tevinter }"
710;1001;"{ name ""tevinter";710;""" culture = imperial_tevinter }"
711;1001;"{ name ""tevinter";711;""" culture = imperial_tevinter }"
712;1001;"{ name ""tevinter";712;""" culture = imperial_tevinter }"
713;1001;"{ name ""tevinter";713;""" culture = imperial_tevinter }"
714;1001;"{ name ""tevinter";714;""" culture = imperial_tevinter }"
715;1001;"{ name ""tevinter";715;""" culture = imperial_tevinter }"
716;1001;"{ name ""tevinter";716;""" culture = imperial_tevinter }"
717;1001;"{ name ""tevinter";717;""" culture = imperial_tevinter }"
718;1001;"{ name ""tevinter";718;""" culture = imperial_tevinter }"
719;1001;"{ name ""tevinter";719;""" culture = imperial_tevinter }"
720;1001;"{ name ""tevinter";720;""" culture = imperial_tevinter }"
721;1001;"{ name ""tevinter";721;""" culture = imperial_tevinter }"
722;1001;"{ name ""tevinter";722;""" culture = imperial_tevinter }"
723;1001;"{ name ""tevinter";723;""" culture = imperial_tevinter }"
724;1001;"{ name ""tevinter";724;""" culture = imperial_tevinter }"
725;1001;"{ name ""tevinter";725;""" culture = imperial_tevinter }"
726;1001;"{ name ""tevinter";726;""" culture = imperial_tevinter }"
727;1001;"{ name ""tevinter";727;""" culture = imperial_tevinter }"
728;1001;"{ name ""tevinter";728;""" culture = imperial_tevinter }"
729;1001;"{ name ""tevinter";729;""" culture = imperial_tevinter }"
730;1001;"{ name ""tevinter";730;""" culture = imperial_tevinter }"
731;1001;"{ name ""tevinter";731;""" culture = imperial_tevinter }"
732;1001;"{ name ""tevinter";732;""" culture = imperial_tevinter }"
733;1001;"{ name ""tevinter";733;""" culture = imperial_tevinter }"
734;1001;"{ name ""tevinter";734;""" culture = imperial_tevinter }"
735;1001;"{ name ""tevinter";735;""" culture = imperial_tevinter }"
736;1001;"{ name ""tevinter";736;""" culture = imperial_tevinter }"
737;1001;"{ name ""tevinter";737;""" culture = imperial_tevinter }"
738;1001;"{ name ""tevinter";738;""" culture = imperial_tevinter }"
739;1001;"{ name ""tevinter";739;""" culture = imperial_tevinter }"
740;1001;"{ name ""tevinter";740;""" culture = imperial_tevinter }"
741;1001;"{ name ""tevinter";741;""" culture = imperial_tevinter }"
742;1001;"{ name ""tevinter";742;""" culture = imperial_tevinter }"
743;1001;"{ name ""tevinter";743;""" culture = imperial_tevinter }"
744;1001;"{ name ""tevinter";744;""" culture = imperial_tevinter }"
745;1001;"{ name ""tevinter";745;""" culture = imperial_tevinter }"
746;1001;"{ name ""tevinter";746;""" culture = imperial_tevinter }"
747;1001;"{ name ""tevinter";747;""" culture = imperial_tevinter }"
748;1001;"{ name ""tevinter";748;""" culture = imperial_tevinter }"
749;1001;"{ name ""tevinter";749;""" culture = imperial_tevinter }"
750;1001;"{ name ""tevinter";750;""" culture = imperial_tevinter }"
751;1001;"{ name ""tevinter";751;""" culture = imperial_tevinter }"
752;1001;"{ name ""tevinter";752;""" culture = imperial_tevinter }"
753;1001;"{ name ""tevinter";753;""" culture = imperial_tevinter }"
754;1001;"{ name ""tevinter";754;""" culture = imperial_tevinter }"
755;1001;"{ name ""tevinter";755;""" culture = imperial_tevinter }"
756;1001;"{ name ""tevinter";756;""" culture = imperial_tevinter }"
757;1001;"{ name ""tevinter";757;""" culture = imperial_tevinter }"
758;1001;"{ name ""tevinter";758;""" culture = imperial_tevinter }"
759;1001;"{ name ""tevinter";759;""" culture = imperial_tevinter }"
760;1001;"{ name ""tevinter";760;""" culture = imperial_tevinter }"
761;1001;"{ name ""tevinter";761;""" culture = imperial_tevinter }"
762;1001;"{ name ""tevinter";762;""" culture = imperial_tevinter }"
763;1001;"{ name ""tevinter";763;""" culture = imperial_tevinter }"
764;1001;"{ name ""tevinter";764;""" culture = imperial_tevinter }"
765;1001;"{ name ""tevinter";765;""" culture = imperial_tevinter }"
766;1001;"{ name ""tevinter";766;""" culture = imperial_tevinter }"
767;1001;"{ name ""tevinter";767;""" culture = imperial_tevinter }"
768;1001;"{ name ""tevinter";768;""" culture = imperial_tevinter }"
769;1001;"{ name ""tevinter";769;""" culture = imperial_tevinter }"
770;1001;"{ name ""tevinter";770;""" culture = imperial_tevinter }"
771;1001;"{ name ""tevinter";771;""" culture = imperial_tevinter }"
772;1001;"{ name ""tevinter";772;""" culture = imperial_tevinter }"
773;1001;"{ name ""tevinter";773;""" culture = imperial_tevinter }"
774;1001;"{ name ""tevinter";774;""" culture = imperial_tevinter }"
775;1001;"{ name ""tevinter";775;""" culture = imperial_tevinter }"
776;1001;"{ name ""tevinter";776;""" culture = imperial_tevinter }"
777;1001;"{ name ""tevinter";777;""" culture = imperial_tevinter }"
778;1001;"{ name ""tevinter";778;""" culture = imperial_tevinter }"
779;1001;"{ name ""tevinter";779;""" culture = imperial_tevinter }"
780;1001;"{ name ""tevinter";780;""" culture = imperial_tevinter }"
781;1001;"{ name ""tevinter";781;""" culture = imperial_tevinter }"
782;1001;"{ name ""tevinter";782;""" culture = imperial_tevinter }"
783;1001;"{ name ""tevinter";783;""" culture = imperial_tevinter }"
784;1001;"{ name ""tevinter";784;""" culture = imperial_tevinter }"
785;1001;"{ name ""tevinter";785;""" culture = imperial_tevinter }"
786;1001;"{ name ""tevinter";786;""" culture = imperial_tevinter }"
787;1001;"{ name ""tevinter";787;""" culture = imperial_tevinter }"
788;1001;"{ name ""tevinter";788;""" culture = imperial_tevinter }"
789;1001;"{ name ""tevinter";789;""" culture = imperial_tevinter }"
790;1001;"{ name ""tevinter";790;""" culture = imperial_tevinter }"
791;1001;"{ name ""tevinter";791;""" culture = imperial_tevinter }"
792;1001;"{ name ""tevinter";792;""" culture = imperial_tevinter }"
793;1001;"{ name ""tevinter";793;""" culture = imperial_tevinter }"
794;1001;"{ name ""tevinter";794;""" culture = imperial_tevinter }"
795;1001;"{ name ""tevinter";795;""" culture = imperial_tevinter }"
796;1001;"{ name ""tevinter";796;""" culture = imperial_tevinter }"
797;1001;"{ name ""tevinter";797;""" culture = imperial_tevinter }"
798;1001;"{ name ""tevinter";798;""" culture = imperial_tevinter }"
799;1001;"{ name ""tevinter";799;""" culture = imperial_tevinter }"
800;1001;"{ name ""tevinter";800;""" culture = imperial_tevinter }"
