PROV1;Denerim;Denerim;Denerim;;;;;;;;;x
PROV2;Dragon's Peak;Dragon's Peak;Dragon's Peak;;;;;;;;;x
PROV3;Blackmarsh;Blackmarsh;Blackmarsh;;;;;;;;;x
PROV4;Wending wood;Wending wood;Wending wood;;;;;;;;;x
PROV5;Last watch;Last watch;Last watch;;;;;;;;;x
PROV6;East Harbor;East Harbor;East Harbor;;;;;;;;;x
PROV7;Dragon's Plain;Dragon's Plain;Dragon's Plain;;;;;;;;;x
PROV8;Brandel's reach;Brandel's reach;Brandel's reach;;;;;;;;;x
PROV9;Alamar;Alamar;Alamar;;;;;;;;;x
PROV10;Breakdown Keep;Breakdown Keep;Breakdown Keep;;;;;;;;;x
PROV11;South reach;South reach;South reach;;;;;;;;;x
PROV12;Drakon shore;Drakon shore;Drakon shore;;;;;;;;;x
PROV13;Loggerswold;Loggerswold;Loggerswold;;;;;;;;;x
PROV14;Dales end;Dales end;Dales end;;;;;;;;;x
PROV15;Southron hold;Southron hold;Southron hold;;;;;;;;;x
PROV16;Ryswold valley;Ryswold valley;Ryswold valley;;;;;;;;;x
PROV17;Vivinter;Vivinter;Vivinter;;;;;;;;;x
PROV18;Southron plains;Southron plains;Southron plains;;;;;;;;;x
PROV19;Lothering;Lothering;Lothering;;;;;;;;;x
PROV20;Tower's fall;Tower's fall;Tower's fall;;;;;;;;;x
PROV21;Talgarth;Talgarth;Talgarth;;;;;;;;;x
PROV22;Cannock's chase;Cannock's chase;Cannock's chase;;;;;;;;;x
PROV23;Eastwald;Eastwald;Eastwald;;;;;;;;;x
PROV24;Winter's breathe;Winter's breathe;Winter's breathe;;;;;;;;;x
PROV25;Corinthspire;Corinthspire;Corinthspire;;;;;;;;;x
PROV26;Southern Bannorn;Southern Bannorn;Southern Bannorn;;;;;;;;;x
PROV27;Lowmount;Lowmount;Lowmount;;;;;;;;;x
PROV28;Teyrn's moot;Teyrn's moot;Teyrn's moot;;;;;;;;;x
PROV29;Bywater;Bywater;Bywater;;;;;;;;;x
PROV30;Crestwood;Crestwood;Crestwood;;;;;;;;;x
PROV31;Stomgard;Stomgard;Stomgard;;;;;;;;;x
PROV32;Wutherford;Wutherford;Wutherford;;;;;;;;;x
PROV33;Castor Keep;Castor Keep;Castor Keep;;;;;;;;;x
PROV34;Great Mill;Great Mill;Great Mill;;;;;;;;;x
PROV35;Danevale;Danevale;Danevale;;;;;;;;;x
PROV36;Silvercrest;Silvercrest;Silvercrest;;;;;;;;;x
PROV37;Kinlock hold;Kinlock hold;Kinlock hold;;;;;;;;;x
PROV38;Shipbane;Shipbane;Shipbane;;;;;;;;;x
PROV39;Hounds head;Hounds head;Hounds head;;;;;;;;;x
PROV40;Weirstead;Weirstead;Weirstead;;;;;;;;;x
PROV41;Theirinfall Redoubt;Theirinfall Redoubt;Theirinfall Redoubt;;;;;;;;;x
PROV42;Oswin;Oswin;Oswin;;;;;;;;;x
PROV43;Bellwood;Bellwood;Bellwood;;;;;;;;;x
PROV44;Fairford;Fairford;Fairford;;;;;;;;;x
PROV45;Blythe Bridge;Blythe Bridge;Blythe Bridge;;;;;;;;;x
PROV46;Lostwithel;Lostwithel;Lostwithel;;;;;;;;;x
PROV47;Fairfield;Fairfield;Fairfield;;;;;;;;;x
PROV48;Turach Reach;Turach Reach;Turach Reach;;;;;;;;;x
PROV49;Laenwold;Laenwold;Laenwold;;;;;;;;;x
PROV50;Emdale;Emdale;Emdale;;;;;;;;;x
PROV51;Upperstead;Upperstead;Upperstead;;;;;;;;;x
PROV52;Gresford;Gresford;Gresford;;;;;;;;;x
PROV53;Carterton;Carterton;Carterton;;;;;;;;;x
PROV54;Ostagar;Ostagar;Ostagar;;;;;;;;;x
PROV55;Sothmere;Sothmere;Sothmere;;;;;;;;;x
PROV56;Berenstead;Berenstead;Berenstead;;;;;;;;;x
PROV57;Highever;Highever;Highever;;;;;;;;;x
PROV58;Teyrn's fall;Teyrn's fall;Teyrn's fall;;;;;;;;;x
PROV59;Feravel plains;Feravel plains;Feravel plains;;;;;;;;;x
PROV60;Limmock valley;Limmock valley;Limmock valley;;;;;;;;;x
PROV61;Harper's ford;Harper's ford;Harper's ford;;;;;;;;;x
PROV62;Laidlaw;Laidlaw;Laidlaw;;;;;;;;;x
PROV63;Lowerstead;Lowerstead;Lowerstead;;;;;;;;;x
PROV64;Rossleigh;Rossleigh;Rossleigh;;;;;;;;;x
PROV65;Amaranthine;Amaranthine;Amaranthine;;;;;;;;;x
PROV66;Vigil's keep;Vigil's keep;Vigil's keep;;;;;;;;;x
PROV67;Dragonbone wastes;Dragonbone wastes;Dragonbone wastes;;;;;;;;;x
PROV68;Knotwood hill;Knotwood hill;Knotwood hill;;;;;;;;;x
PROV69;West hill;West hill;West hill;;;;;;;;;x
PROV70;Ironbrooke;Ironbrooke;Ironbrooke;;;;;;;;;x
PROV71;The Stormcoast;The Stormcoast;The Stormcoast;;;;;;;;;x
PROV72;Durendyn;Durendyn;Durendyn;;;;;;;;;x
PROV73;Gwaren;Gwaren;Gwaren;;;;;;;;;x
PROV74;Southern point;Southern point;Southern point;;;;;;;;;x
PROV75;White cliffs;White cliffs;White cliffs;;;;;;;;;x
PROV76;Sandstone;Sandstone;Sandstone;;;;;;;;;x
PROV77;Brecilia's Passage;Brecilia's Passage;Brecilia's Passage;;;;;;;;;x
PROV78;Brecil sources;Brecil sources;Brecil sources;;;;;;;;;x
PROV79;Brecil shores;Brecil shores;Brecil shores;;;;;;;;;x
PROV80;Greenwood passage;Greenwood passage;Greenwood passage;;;;;;;;;x
PROV81;White river;White river;White river;;;;;;;;;x
PROV82;Gwaren approach;Gwaren approach;Gwaren approach;;;;;;;;;x
PROV83;Seaside;Seaside;Seaside;;;;;;;;;x
PROV84;Barrowtown-by-the-sea;Barrowtown-by-the-sea;Barrowtown-by-the-sea;;;;;;;;;x
PROV85;Land's end;Land's end;Land's end;;;;;;;;;x
PROV86;White bay;White bay;White bay;;;;;;;;;x
PROV87;Silvan haven;Silvan haven;Silvan haven;;;;;;;;;x
PROV88;Wolf's den;Wolf's den;Wolf's den;;;;;;;;;x
PROV89;Wolf's head;Wolf's head;Wolf's head;;;;;;;;;x
PROV90;Forest heart;Forest heart;Forest heart;;;;;;;;;x
PROV91;Silvan's rest;Silvan's rest;Silvan's rest;;;;;;;;;x
PROV92;Forest deep;Forest deep;Forest deep;;;;;;;;;x
PROV93;Forest heart;Forest heart;Forest heart;;;;;;;;;x
PROV94;Oaktree woods;Oaktree woods;Oaktree woods;;;;;;;;;x
PROV95;Silvan gardens;Silvan gardens;Silvan gardens;;;;;;;;;x
PROV96;Creaators' rest;Creaators' rest;Creaators' rest;;;;;;;;;x
PROV97;Rivertree;Rivertree;Rivertree;;;;;;;;;x
PROV98;Teyrn's wood;Teyrn's wood;Teyrn's wood;;;;;;;;;x
PROV99;Forest peak;Forest peak;Forest peak;;;;;;;;;x
PROV100;Deep forest;Deep forest;Deep forest;;;;;;;;;x
PROV101;Dalewood;Dalewood;Dalewood;;;;;;;;;x
PROV102;Southron woods;Southron woods;Southron woods;;;;;;;;;x
PROV103;Blacktree hill;Blacktree hill;Blacktree hill;;;;;;;;;x
PROV104;Passage wood;Passage wood;Passage wood;;;;;;;;;x
PROV105;Riverbench;Riverbench;Riverbench;;;;;;;;;x
PROV106;Redcliffe;Redcliffe;Redcliffe;;;;;;;;;x
PROV107;Honnleath;Honnleath;Honnleath;;;;;;;;;x
PROV108;Colwyn;Colwyn;Colwyn;;;;;;;;;x
PROV109;Greenfell;Greenfell;Greenfell;;;;;;;;;x
PROV110;Killarney;Killarney;Killarney;;;;;;;;;x
PROV111;Calon;Calon;Calon;;;;;;;;;x
PROV112;Ranesfere;Ranesfere;Ranesfere;;;;;;;;;x
PROV113;Haven;Haven;Haven;;;;;;;;;x
PROV114;Edgehall;Edgehall;Edgehall;;;;;;;;;x
PROV115;Holt;Holt;Holt;;;;;;;;;x
PROV116;Glynneath;Glynneath;Glynneath;;;;;;;;;x
PROV117;Jader;Jader;Jader;;;;;;;;;x
PROV118;Corwyn;Corwyn;Corwyn;;;;;;;;;x
PROV119;Gelligaer;Gelligaer;Gelligaer;;;;;;;;;x
PROV120;Pencoed;Pencoed;Pencoed;;;;;;;;;x
PROV121;Rookewood;Rookewood;Rookewood;;;;;;;;;x
PROV122;Jainen;Jainen;Jainen;;;;;;;;;x
PROV123;Waking Sea;Waking Sea;Waking Sea;;;;;;;;;x
PROV124;Korcari Wilds1A;Korcari Wilds1A;Korcari Wilds1A;;;;;;;;;x
PROV125;Korcari Wilds1B;Korcari Wilds1B;Korcari Wilds1B;;;;;;;;;x
PROV126;Korcari Wilds1C;Korcari Wilds1C;Korcari Wilds1C;;;;;;;;;x
PROV127;Korcari Wilds1D;Korcari Wilds1D;Korcari Wilds1D;;;;;;;;;x
PROV128;Korcari Wilds2A;Korcari Wilds2A;Korcari Wilds2A;;;;;;;;;x
PROV129;Korcari Wilds2B;Korcari Wilds2B;Korcari Wilds2B;;;;;;;;;x
PROV130;Korcari Wilds2C;Korcari Wilds2C;Korcari Wilds2C;;;;;;;;;x
PROV131;Korcari Wilds2D;Korcari Wilds2D;Korcari Wilds2D;;;;;;;;;x
PROV132;Korcari Wilds3A;Korcari Wilds3A;Korcari Wilds3A;;;;;;;;;x
PROV133;Korcari Wilds3B;Korcari Wilds3B;Korcari Wilds3B;;;;;;;;;x
PROV134;Korcari Wilds3C;Korcari Wilds3C;Korcari Wilds3C;;;;;;;;;x
PROV135;Korcari Wilds3D;Korcari Wilds3D;Korcari Wilds3D;;;;;;;;;x
PROV136;Korcari Wilds4A;Korcari Wilds4A;Korcari Wilds4A;;;;;;;;;x
PROV137;Korcari Wilds4B;Korcari Wilds4B;Korcari Wilds4B;;;;;;;;;x
PROV138;Korcari Wilds4C;Korcari Wilds4C;Korcari Wilds4C;;;;;;;;;x
PROV139;Korcari Wilds4D;Korcari Wilds4D;Korcari Wilds4D;;;;;;;;;x
PROV140;Sulcher's pass;Sulcher's pass;Sulcher's pass;;;;;;;;;x
PROV141;Redhold;Redhold;Redhold;;;;;;;;;x
PROV142;Winter's breathe;Winter's breathe;Winter's breathe;;;;;;;;;x
PROV143;Stormhold;Stormhold;Stormhold;;;;;;;;;x
PROV144;Stormhold;Stormhold;Stormhold;;;;;;;;;x
PROV145;Rhyl;Rhyl;Rhyl;;;;;;;;;x
PROV146;West Hills;West Hills;West Hills;;;;;;;;;x
PROV147;Whitland;Whitland;Whitland;;;;;;;;;x
PROV148;Stormhold;Stormhold;Stormhold;;;;;;;;;x
PROV149;Skyhold;Skyhold;Skyhold;;;;;;;;;x
PROV150;SkyholdA;SkyholdA;SkyholdA;;;;;;;;;x
PROV151;SkyholdB;SkyholdB;SkyholdB;;;;;;;;;x
PROV152;SkyholdC;SkyholdC;SkyholdC;;;;;;;;;x
PROV153;SkyholdD;SkyholdD;SkyholdD;;;;;;;;;x
PROV154;Raven's keep;Raven's keep;Raven's keep;;;;;;;;;x
PROV155;Raven's keepB;Raven's keepB;Raven's keepB;;;;;;;;;x
PROV156;Raven's keepC;Raven's keepC;Raven's keepC;;;;;;;;;x
PROV157;Wyvern keep;Wyvern keep;Wyvern keep;;;;;;;;;x
PROV158;Winter keep;Winter keep;Winter keep;;;;;;;;;x
PROV159;Winter keepA;Winter keepA;Winter keepA;;;;;;;;;x
PROV160;Winter keepB;Winter keepB;Winter keepB;;;;;;;;;x
PROV161;Winter keepC;Winter keepC;Winter keepC;;;;;;;;;x
PROV162;Winter keepD;Winter keepD;Winter keepD;;;;;;;;;x
PROV163;Halamshiral;Halamshiral;Halamshiral;;;;;;;;;x
PROV164;Val Falasie;Val Falasie;Val Falasie;;;;;;;;;x
PROV165;Tarascon;Tarascon;Tarascon;;;;;;;;;x
PROV166;Arnee;Arnee;Arnee;;;;;;;;;x
PROV167;Carrac;Carrac;Carrac;;;;;;;;;x
PROV168;Bordelon;Bordelon;Bordelon;;;;;;;;;x
PROV169;Ezoire;Ezoire;Ezoire;;;;;;;;;x
PROV170;Val Montaigne;Val Montaigne;Val Montaigne;;;;;;;;;x
PROV171;Lydes;Lydes;Lydes;;;;;;;;;x
PROV172;Val Henar;Val Henar;Val Henar;;;;;;;;;x
PROV173;Carnay;Carnay;Carnay;;;;;;;;;x
PROV174;Bayard;Bayard;Bayard;;;;;;;;;x
PROV175;Verchiel;Verchiel;Verchiel;;;;;;;;;x
PROV176;Salmont;Salmont;Salmont;;;;;;;;;x
PROV177;Val Chevans;Val Chevans;Val Chevans;;;;;;;;;x
PROV178;Chalons;Chalons;Chalons;;;;;;;;;x
PROV179;Chevac;Chevac;Chevac;;;;;;;;;x
PROV180;Eroin;Eroin;Eroin;;;;;;;;;x
PROV181;Favre;Favre;Favre;;;;;;;;;x
PROV182;Val Colline;Val Colline;Val Colline;;;;;;;;;x
PROV183;Montsimmard;Montsimmard;Montsimmard;;;;;;;;;x
PROV184;Launcet;Launcet;Launcet;;;;;;;;;x
PROV185;Ylenn Basin;Ylenn Basin;Ylenn Basin;;;;;;;;;x
PROV186;Heine;Heine;Heine;;;;;;;;;x
PROV187;Mellun;Mellun;Mellun;;;;;;;;;x
PROV188;Lemux;Lemux;Lemux;;;;;;;;;x
PROV189;Val Fontaine;Val Fontaine;Val Fontaine;;;;;;;;;x
PROV190;Emprise du lion;Emprise du lion;Emprise du lion;;;;;;;;;x
PROV191;Sahrnia;Sahrnia;Sahrnia;;;;;;;;;x
PROV192;Emerald Groves;Emerald Groves;Emerald Groves;;;;;;;;;x
PROV193;Grosbois;Grosbois;Grosbois;;;;;;;;;x
PROV194;Mourier;Mourier;Mourier;;;;;;;;;x
PROV195;Exaled plains;Exaled plains;Exaled plains;;;;;;;;;x
PROV196;Montlaures;Montlaures;Montlaures;;;;;;;;;x
PROV197;Morreau;Morreau;Morreau;;;;;;;;;x
PROV198;Petit Foret;Petit Foret;Petit Foret;;;;;;;;;x
PROV199;Lussard;Lussard;Lussard;;;;;;;;;x
PROV200;Gorge;Gorge;Gorge;;;;;;;;;x
PROV201;Verchin;Verchin;Verchin;;;;;;;;;x
PROV202;Jolie;Jolie;Jolie;;;;;;;;;x
PROV203;Morrac;Morrac;Morrac;;;;;;;;;x
PROV204;Eastern Arbor;Eastern Arbor;Eastern Arbor;;;;;;;;;x
PROV205;Eastern ArborA;Eastern ArborA;Eastern ArborA;;;;;;;;;x
PROV206;Eastern ArborB;Eastern ArborB;Eastern ArborB;;;;;;;;;x
PROV207;Eastern ArborC;Eastern ArborC;Eastern ArborC;;;;;;;;;x
PROV208;Eastern ArborD;Eastern ArborD;Eastern ArborD;;;;;;;;;x
PROV209;Western Arbor;Western Arbor;Western Arbor;;;;;;;;;x
PROV210;Western ArborA;Western ArborA;Western ArborA;;;;;;;;;x
PROV211;Western ArborB;Western ArborB;Western ArborB;;;;;;;;;x
PROV212;Western ArborC;Western ArborC;Western ArborC;;;;;;;;;x
PROV213;Val Royaux;Val Royaux;Val Royaux;;;;;;;;;x
PROV214;Sancerois;Sancerois;Sancerois;;;;;;;;;x
PROV215;Beaujolais;Beaujolais;Beaujolais;;;;;;;;;x
PROV216;Belfort;Belfort;Belfort;;;;;;;;;x
PROV217;Gresivaudan;Gresivaudan;Gresivaudan;;;;;;;;;x
PROV218;Vivarais;Vivarais;Vivarais;;;;;;;;;x
PROV219;Maconnais;Maconnais;Maconnais;;;;;;;;;x
PROV220;Revermont;Revermont;Revermont;;;;;;;;;x
PROV221;Val Chevin;Val Chevin;Val Chevin;;;;;;;;;x
PROV222;Chablais;Chablais;Chablais;;;;;;;;;x
PROV223;Couserans;Couserans;Couserans;;;;;;;;;x
PROV224;Arlesans;Arlesans;Arlesans;;;;;;;;;x
PROV225;Rouergue;Rouergue;Rouergue;;;;;;;;;x
PROV226;Domfrontais;Domfrontais;Domfrontais;;;;;;;;;x
PROV227;Montfort;Montfort;Montfort;;;;;;;;;x
PROV228;Blaisois;Blaisois;Blaisois;;;;;;;;;x
PROV229;Santerre;Santerre;Santerre;;;;;;;;;x
PROV230;Hurepoix;Hurepoix;Hurepoix;;;;;;;;;x
PROV231;Conflent;Conflent;Conflent;;;;;;;;;x
PROV232;Churneau;Churneau;Churneau;;;;;;;;;x
PROV233;Ghislain;Ghislain;Ghislain;;;;;;;;;x
PROV234;Valromey;Valromey;Valromey;;;;;;;;;x
PROV235;Dombes;Dombes;Dombes;;;;;;;;;x
PROV236;Charollois;Charollois;Charollois;;;;;;;;;x
PROV237;Val Foret;Val Foret;Val Foret;;;;;;;;;x
PROV238;Cerdagne;Cerdagne;Cerdagne;;;;;;;;;x
PROV239;Boisbelle;Boisbelle;Boisbelle;;;;;;;;;x
PROV240;Perthois;Perthois;Perthois;;;;;;;;;x
PROV241;Boischaut;Boischaut;Boischaut;;;;;;;;;x
PROV242;Montbelliard;Montbelliard;Montbelliard;;;;;;;;;x
PROV243;Diois;Diois;Diois;;;;;;;;;x
PROV244;Val Firmin;Val Firmin;Val Firmin;;;;;;;;;x
PROV245;Gresivaudan;Gresivaudan;Gresivaudan;;;;;;;;;x
PROV246;Combrailles;Combrailles;Combrailles;;;;;;;;;x
PROV247;Lasouche;Lasouche;Lasouche;;;;;;;;;x
PROV248;Lieuvin;Lieuvin;Lieuvin;;;;;;;;;x
PROV249;Gatinais;Gatinais;Gatinais;;;;;;;;;x
PROV250;Forcalquier;Forcalquier;Forcalquier;;;;;;;;;x
PROV251;Lancre;Lancre;Lancre;;;;;;;;;x
PROV252;Forbidden Oasis;Forbidden Oasis;Forbidden Oasis;;;;;;;;;x
PROV253;Rougemontier;Rougemontier;Rougemontier;;;;;;;;;x
PROV254;Hissing Wastes;Hissing Wastes;Hissing Wastes;;;;;;;;;x
PROV255;Golden Wastes;Golden Wastes;Golden Wastes;;;;;;;;;x
PROV256;Urthemiel steps;Urthemiel steps;Urthemiel steps;;;;;;;;;x
PROV257;Soliere;Soliere;Soliere;;;;;;;;;x
PROV258;Fort-le-lac;Fort-le-lac;Fort-le-lac;;;;;;;;;x
PROV259;Fangelac;Fangelac;Fangelac;;;;;;;;;x
PROV260;Abyssal Rift;Abyssal Rift;Abyssal Rift;;;;;;;;;x
PROV261;Quercy;Quercy;Quercy;;;;;;;;;x
PROV262;Velay;Velay;Velay;;;;;;;;;x
PROV263;Val Gamord;Val Gamord;Val Gamord;;;;;;;;;x
PROV264;Brivadois;Brivadois;Brivadois;;;;;;;;;x
PROV265;Malouin;Malouin;Malouin;;;;;;;;;x
PROV266;Marais;Marais;Marais;;;;;;;;;x
PROV267;Bugey;Bugey;Bugey;;;;;;;;;x
PROV268;Cévennes;Cévennes;Cévennes;;;;;;;;;x
PROV269;Livradois;Livradois;Livradois;;;;;;;;;x
PROV270;Alyons;Alyons;Alyons;;;;;;;;;x
PROV271;Saintonge;Saintonge;Saintonge;;;;;;;;;x
PROV272;Vime;Vime;Vime;;;;;;;;;x
PROV273;Roanne;Roanne;Roanne;;;;;;;;;x
PROV274;Archambon;Archambon;Archambon;;;;;;;;;x
PROV275;Garotte;Garotte;Garotte;;;;;;;;;x
PROV276;Valognes;Valognes;Valognes;;;;;;;;;x
PROV277;Bar-le-Duc;Bar-le-Duc;Bar-le-Duc;;;;;;;;;x
PROV278;Claose;Claose;Claose;;;;;;;;;x
PROV279;Hillion;Hillion;Hillion;;;;;;;;;x
PROV280;Beaune;Beaune;Beaune;;;;;;;;;x
PROV281;Castres;Castres;Castres;;;;;;;;;x
PROV282;Sablissent;Sablissent;Sablissent;;;;;;;;;x
PROV283;Colmar;Colmar;Colmar;;;;;;;;;x
PROV284;Arpajon;Arpajon;Arpajon;;;;;;;;;x
PROV285;Langres;Langres;Langres;;;;;;;;;x
PROV286;Onterre;Onterre;Onterre;;;;;;;;;x
PROV287;Desolation's End;Desolation's End;Desolation's End;;;;;;;;;x
PROV288;Quiet Plain;Quiet Plain;Quiet Plain;;;;;;;;;x
PROV289;Dragon's Fall;Dragon's Fall;Dragon's Fall;;;;;;;;;x
PROV290;Serault;Serault;Serault;;;;;;;;;x
PROV291;Maubeuge;Maubeuge;Maubeuge;;;;;;;;;x
PROV292;Pierremande;Pierremande;Pierremande;;;;;;;;;x
PROV293;Eastern tirashan;Eastern tirashan;Eastern tirashan;;;;;;;;;x
PROV294;Senlis;Senlis;Senlis;;;;;;;;;x
PROV295;Artenac;Artenac;Artenac;;;;;;;;;x
PROV296;Velum;Velum;Velum;;;;;;;;;x
PROV297;Noyon;Noyon;Noyon;;;;;;;;;x
PROV298;Glozel;Glozel;Glozel;;;;;;;;;x
PROV299;Rouffignac;Rouffignac;Rouffignac;;;;;;;;;x
PROV300;Malcellin;Malcellin;Malcellin;;;;;;;;;x
PROV301;Vix;Vix;Vix;;;;;;;;;x
PROV302;Cuiry;Cuiry;Cuiry;;;;;;;;;x
PROV303;Montchauvet;Montchauvet;Montchauvet;;;;;;;;;x
PROV304;Cumberland;Cumberland;Cumberland;;;;;;;;;x
PROV305;Alcegrant;Alcegrant;Alcegrant;;;;;;;;;x
PROV306;Rigel;Rigel;Rigel;;;;;;;;;x
PROV307;Valni;Valni;Valni;;;;;;;;;x
PROV308;Shallot;Shallot;Shallot;;;;;;;;;x
PROV309;Tracia;Tracia;Tracia;;;;;;;;;x
PROV310;Argai;Argai;Argai;;;;;;;;;x
PROV311;Heigi;Heigi;Heigi;;;;;;;;;x
PROV312;Arcadia;Arcadia;Arcadia;;;;;;;;;x
PROV313;Trabant;Trabant;Trabant;;;;;;;;;x
PROV314;Laddia;Laddia;Laddia;;;;;;;;;x
PROV315;Minis;Minis;Minis;;;;;;;;;x
PROV316;Cumberford;Cumberford;Cumberford;;;;;;;;;x
PROV317;Silesse;Silesse;Silesse;;;;;;;;;x
PROV318;Medon;Medon;Medon;;;;;;;;;x
PROV319;Trennis;Trennis;Trennis;;;;;;;;;x
PROV320;Skal;Skal;Skal;;;;;;;;;x
PROV321;Laus;Laus;Laus;;;;;;;;;x
PROV322;Elibe;Elibe;Elibe;;;;;;;;;x
PROV323;Nevassa;Nevassa;Nevassa;;;;;;;;;x
PROV324;Nevarra;Nevarra;Nevarra;;;;;;;;;x
PROV325;Alesia;Alesia;Alesia;;;;;;;;;x
PROV326;Illya;Illya;Illya;;;;;;;;;x
PROV327;Uden;Uden;Uden;;;;;;;;;x
PROV328;Neir;Neir;Neir;;;;;;;;;x
PROV329;Dumitor;Dumitor;Dumitor;;;;;;;;;x
PROV330;Hunterfell;Hunterfell;Hunterfell;;;;;;;;;x
PROV331;Antegria;Antegria;Antegria;;;;;;;;;x
PROV332;Eagum;Eagum;Eagum;;;;;;;;;x
PROV333;Rooth;Rooth;Rooth;;;;;;;;;x
PROV334;Edens;Edens;Edens;;;;;;;;;x
PROV335;Veghel;Veghel;Veghel;;;;;;;;;x
PROV336;Belfeld;Belfeld;Belfeld;;;;;;;;;x
PROV337;Cothen;Cothen;Cothen;;;;;;;;;x
PROV338;Trevis;Trevis;Trevis;;;;;;;;;x
PROV339;Haler;Haler;Haler;;;;;;;;;x
PROV340;Friens;Friens;Friens;;;;;;;;;x
PROV341;Gurk;Gurk;Gurk;;;;;;;;;x
PROV342;Assum;Assum;Assum;;;;;;;;;x
PROV343;Diever;Diever;Diever;;;;;;;;;x
PROV344;Nessum;Nessum;Nessum;;;;;;;;;x
PROV345;Hintham;Hintham;Hintham;;;;;;;;;x
PROV346;Terband;Terband;Terband;;;;;;;;;x
PROV347;Lathum;Lathum;Lathum;;;;;;;;;x
PROV348;Riel;Riel;Riel;;;;;;;;;x
PROV349;Barnflair;Barnflair;Barnflair;;;;;;;;;x
PROV350;Nuth;Nuth;Nuth;;;;;;;;;x
PROV351;Blaricum;Blaricum;Blaricum;;;;;;;;;x
PROV352;Perendale;Perendale;Perendale;;;;;;;;;x
PROV353;Halenberg;Halenberg;Halenberg;;;;;;;;;x
PROV354;Lith;Lith;Lith;;;;;;;;;x
PROV355;Rheden;Rheden;Rheden;;;;;;;;;x
PROV356;Assen;Assen;Assen;;;;;;;;;x
PROV357;Hulsberg;Hulsberg;Hulsberg;;;;;;;;;x
PROV358;Hollum;Hollum;Hollum;;;;;;;;;x
PROV359;Andoral's Reach;Andoral's Reach;Andoral's Reach;;;;;;;;;x
PROV360;Rossum;Rossum;Rossum;;;;;;;;;x
PROV361;Oldehove;Oldehove;Oldehove;;;;;;;;;x
PROV362;Bergum;Bergum;Bergum;;;;;;;;;x
PROV363;Nisse;Nisse;Nisse;;;;;;;;;x
PROV364;Ashward;Ashward;Ashward;;;;;;;;;x
PROV365;Absdale;Absdale;Absdale;;;;;;;;;x
PROV366;Odenhorn;Odenhorn;Odenhorn;;;;;;;;;x
PROV367;Ravensway;Ravensway;Ravensway;;;;;;;;;x
PROV368;Sleen;Sleen;Sleen;;;;;;;;;x
PROV369;Serrant;Serrant;Serrant;;;;;;;;;x
PROV370;Piershil;Piershil;Piershil;;;;;;;;;x
PROV371;Dinther;Dinther;Dinther;;;;;;;;;x
PROV372;Asten;Asten;Asten;;;;;;;;;x
PROV373;Hossberg;Hossberg;Hossberg;;;;;;;;;x
PROV374;Finsund;Finsund;Finsund;;;;;;;;;x
PROV375;Manstad;Manstad;Manstad;;;;;;;;;x
PROV376;Tallo;Tallo;Tallo;;;;;;;;;x
PROV377;Holsted;Holsted;Holsted;;;;;;;;;x
PROV378;Brekberg;Brekberg;Brekberg;;;;;;;;;x
PROV379;Vennesstad;Vennesstad;Vennesstad;;;;;;;;;x
PROV380;Kassel;Kassel;Kassel;;;;;;;;;x
PROV381;Linhammar;Linhammar;Linhammar;;;;;;;;;x
PROV382;Harfoss;Harfoss;Harfoss;;;;;;;;;x
PROV383;Loilinen;Loilinen;Loilinen;;;;;;;;;x
PROV384;Sundarin;Sundarin;Sundarin;;;;;;;;;x
PROV385;Langehalsen;Langehalsen;Langehalsen;;;;;;;;;x
PROV386;Askerhammar;Askerhammar;Askerhammar;;;;;;;;;x
PROV387;Nordbottom;Nordbottom;Nordbottom;;;;;;;;;x
PROV388;Gamlehall;Gamlehall;Gamlehall;;;;;;;;;x
PROV389;Uddeland;Uddeland;Uddeland;;;;;;;;;x
PROV390;Weishaupt;Weishaupt;Weishaupt;;;;;;;;;x
PROV391;Olsis;Olsis;Olsis;;;;;;;;;x
PROV392;Uddeland;Uddeland;Uddeland;;;;;;;;;x
PROV393;Jaugessteden;Jaugessteden;Jaugessteden;;;;;;;;;x
PROV394;Suderblugis;Suderblugis;Suderblugis;;;;;;;;;x
PROV395;Bronzewitz;Bronzewitz;Bronzewitz;;;;;;;;;x
PROV396;Blougast;Blougast;Blougast;;;;;;;;;x
PROV397;Irelswerder;Irelswerder;Irelswerder;;;;;;;;;x
PROV398;Eltingberg;Eltingberg;Eltingberg;;;;;;;;;x
PROV399;Ludelburg;Ludelburg;Ludelburg;;;;;;;;;x
PROV400;Laysh;Laysh;Laysh;;;;;;;;;x
PROV401;Gullersede;Gullersede;Gullersede;;;;;;;;;x
PROV402;Gilsstedten;Gilsstedten;Gilsstedten;;;;;;;;;x
PROV403;Scheieshain;Scheieshain;Scheieshain;;;;;;;;;x
PROV404;Sprannhatten;Sprannhatten;Sprannhatten;;;;;;;;;x
PROV405;Grekenhorn;Grekenhorn;Grekenhorn;;;;;;;;;x
PROV406;Gleiders;Gleiders;Gleiders;;;;;;;;;x
PROV407;Druhen;Druhen;Druhen;;;;;;;;;x
PROV408;Stratbach;Stratbach;Stratbach;;;;;;;;;x
PROV409;Sputler;Sputler;Sputler;;;;;;;;;x
PROV410;Burrenbek;Burrenbek;Burrenbek;;;;;;;;;x
PROV411;Qundalon;Qundalon;Qundalon;;;;;;;;;x
PROV412;Weienstein;Weienstein;Weienstein;;;;;;;;;x
PROV413;Varesforst;Varesforst;Varesforst;;;;;;;;;x
PROV414;Prehls;Prehls;Prehls;;;;;;;;;x
PROV415;Titzerfurt;Titzerfurt;Titzerfurt;;;;;;;;;x
PROV416;Schleigstal;Schleigstal;Schleigstal;;;;;;;;;x
PROV417;Geuesberg;Geuesberg;Geuesberg;;;;;;;;;x
PROV418;Ebbau;Ebbau;Ebbau;;;;;;;;;x
PROV419;Stittershain;Stittershain;Stittershain;;;;;;;;;x
PROV420;Triewenikon;Triewenikon;Triewenikon;;;;;;;;;x
PROV421;Huckesscheid;Huckesscheid;Huckesscheid;;;;;;;;;x
PROV422;Spistelfeld;Spistelfeld;Spistelfeld;;;;;;;;;x
PROV423;Spochthagen;Spochthagen;Spochthagen;;;;;;;;;x
PROV424;Ruristhal;Ruristhal;Ruristhal;;;;;;;;;x
PROV425;Drostenede;Drostenede;Drostenede;;;;;;;;;x
PROV426;Ensigwik;Ensigwik;Ensigwik;;;;;;;;;x
PROV427;Minrathous;Minrathous;Minrathous;;;;;;;;;x
PROV428;Ankeleum;Ankeleum;Ankeleum;;;;;;;;;x
PROV429;Lapoinon;Lapoinon;Lapoinon;;;;;;;;;x
PROV430;Moenum;Moenum;Moenum;;;;;;;;;x
PROV431;Salympia;Salympia;Salympia;;;;;;;;;x
PROV432;Arpinum;Arpinum;Arpinum;;;;;;;;;x
PROV433;Hermenus;Hermenus;Hermenus;;;;;;;;;x
PROV434;Achios;Achios;Achios;;;;;;;;;x
PROV435;Ugernum;Ugernum;Ugernum;;;;;;;;;x
PROV436;Phileselis;Phileselis;Phileselis;;;;;;;;;x
PROV437;Seuthale;Seuthale;Seuthale;;;;;;;;;x
PROV438;Lebenion;Lebenion;Lebenion;;;;;;;;;x
PROV439;Pydnegea;Pydnegea;Pydnegea;;;;;;;;;x
PROV440;Croton;Croton;Croton;;;;;;;;;x
PROV441;Asariel;Asariel;Asariel;;;;;;;;;x
PROV442;Imbreos;Imbreos;Imbreos;;;;;;;;;x
PROV443;Erethonnos;Erethonnos;Erethonnos;;;;;;;;;x
PROV444;Cumeron;Cumeron;Cumeron;;;;;;;;;x
PROV445;Val Dorm;Val Dorm;Val Dorm;;;;;;;;;x
PROV446;Katactus;Katactus;Katactus;;;;;;;;;x
PROV447;Capsa;Capsa;Capsa;;;;;;;;;x
PROV448;Hellis;Hellis;Hellis;;;;;;;;;x
PROV449;Oriae;Oriae;Oriae;;;;;;;;;x
PROV450;Camulodunum;Camulodunum;Camulodunum;;;;;;;;;x
PROV451;Gorsium;Gorsium;Gorsium;;;;;;;;;x
PROV452;Halynthos;Halynthos;Halynthos;;;;;;;;;x
PROV453;Prienegion;Prienegion;Prienegion;;;;;;;;;x
PROV454;Vyrantium;Vyrantium;Vyrantium;;;;;;;;;x
PROV455;Herdonia;Herdonia;Herdonia;;;;;;;;;x
PROV456;Scidrasus;Scidrasus;Scidrasus;;;;;;;;;x
PROV457;Marnas Pell;Marnas Pell;Marnas Pell;;;;;;;;;x
PROV458;Egnatia;Egnatia;Egnatia;;;;;;;;;x
PROV459;Tisos;Tisos;Tisos;;;;;;;;;x
PROV460;Derthona;Derthona;Derthona;;;;;;;;;x
PROV461;Petsilene;Petsilene;Petsilene;;;;;;;;;x
PROV462;Neapeselis;Neapeselis;Neapeselis;;;;;;;;;x
PROV463;Crotenes;Crotenes;Crotenes;;;;;;;;;x
PROV464;Pasus;Pasus;Pasus;;;;;;;;;x
PROV465;Ayteiros;Ayteiros;Ayteiros;;;;;;;;;x
PROV466;Sicacus;Sicacus;Sicacus;;;;;;;;;x
PROV467;Elens;Elens;Elens;;;;;;;;;x
PROV468;Aesis;Aesis;Aesis;;;;;;;;;x
PROV469;Mantonesos;Mantonesos;Mantonesos;;;;;;;;;x
PROV470;Semeusis;Semeusis;Semeusis;;;;;;;;;x
PROV471;Geia;Geia;Geia;;;;;;;;;x
PROV472;Perivantium;Perivantium;Perivantium;;;;;;;;;x
PROV473;Aphatrae;Aphatrae;Aphatrae;;;;;;;;;x
PROV474;Amiternum;Amiternum;Amiternum;;;;;;;;;x
PROV475;Parendos;Parendos;Parendos;;;;;;;;;x
PROV476;Solas;Solas;Solas;;;;;;;;;x
PROV477;Nateia;Nateia;Nateia;;;;;;;;;x
PROV478;Theodeusis;Theodeusis;Theodeusis;;;;;;;;;x
PROV479;Myracus;Myracus;Myracus;;;;;;;;;x
PROV480;Empagoria;Empagoria;Empagoria;;;;;;;;;x
PROV481;Salares;Salares;Salares;;;;;;;;;x
PROV482;Elicos;Elicos;Elicos;;;;;;;;;x
PROV483;Adraa;Adraa;Adraa;;;;;;;;;x
PROV484;Thoremita;Thoremita;Thoremita;;;;;;;;;x
PROV485;Patridrus;Patridrus;Patridrus;;;;;;;;;x
PROV486;Vinovia;Vinovia;Vinovia;;;;;;;;;x
PROV487;Kamous;Kamous;Kamous;;;;;;;;;x
PROV488;Rhegodosia;Rhegodosia;Rhegodosia;;;;;;;;;x
PROV489;Graccuris;Graccuris;Graccuris;;;;;;;;;x
PROV490;Versunna;Versunna;Versunna;;;;;;;;;x
PROV491;Imbrine;Imbrine;Imbrine;;;;;;;;;x
PROV492;Laodamahos;Laodamahos;Laodamahos;;;;;;;;;x
PROV493;Neromenian;Neromenian;Neromenian;;;;;;;;;x
PROV494;Kannalamis;Kannalamis;Kannalamis;;;;;;;;;x
PROV495;Phaninth;Phaninth;Phaninth;;;;;;;;;x
PROV496;Marothius;Marothius;Marothius;;;;;;;;;x
PROV497;Trinia;Trinia;Trinia;;;;;;;;;x
PROV498;Zakrytos;Zakrytos;Zakrytos;;;;;;;;;x
PROV499;Agrineusis;Agrineusis;Agrineusis;;;;;;;;;x
PROV500;Caudium;Caudium;Caudium;;;;;;;;;x
PROV501;Carestes;Carestes;Carestes;;;;;;;;;x
PROV502;Norba;Norba;Norba;;;;;;;;;x
PROV503;Novodunum;Novodunum;Novodunum;;;;;;;;;x
PROV504;Tragalos;Tragalos;Tragalos;;;;;;;;;x
PROV505;Qarinus;Qarinus;Qarinus;;;;;;;;;x
PROV506;Aceusis;Aceusis;Aceusis;;;;;;;;;x
PROV507;Kimmoy;Kimmoy;Kimmoy;;;;;;;;;x
PROV508;Octodurus;Octodurus;Octodurus;;;;;;;;;x
PROV509;Nirestias;Nirestias;Nirestias;;;;;;;;;x
PROV510;Acteinea;Acteinea;Acteinea;;;;;;;;;x
PROV511;Seuthesos;Seuthesos;Seuthesos;;;;;;;;;x
PROV512;Kepysos;Kepysos;Kepysos;;;;;;;;;x
PROV513;Horephyrian;Horephyrian;Horephyrian;;;;;;;;;x
PROV514;Akryreum;Akryreum;Akryreum;;;;;;;;;x
PROV515;Rhaedestus;Rhaedestus;Rhaedestus;;;;;;;;;x
PROV516;Baeloe;Baeloe;Baeloe;;;;;;;;;x
PROV517;Teleum;Teleum;Teleum;;;;;;;;;x
PROV518;Besos;Besos;Besos;;;;;;;;;x
PROV519;Halinion;Halinion;Halinion;;;;;;;;;x
PROV520;Cebropeion;Cebropeion;Cebropeion;;;;;;;;;x
PROV521;Thespyras;Thespyras;Thespyras;;;;;;;;;x
PROV522;Twin Groves;Twin Groves;Twin Groves;;;;;;;;;x
PROV523;Majestic Covert;Majestic Covert;Majestic Covert;;;;;;;;;x
PROV524;Brown Tortoise Wilds;Brown Tortoise Wilds;Brown Tortoise Wilds;;;;;;;;;x
PROV525;The Long Woods;The Long Woods;The Long Woods;;;;;;;;;x
PROV526;Bears Grove;Bears Grove;Bears Grove;;;;;;;;;x
PROV527;Gould Grove;Gould Grove;Gould Grove;;;;;;;;;x
PROV528;kladoth Woods;kladoth Woods;kladoth Woods;;;;;;;;;x
PROV529;Trees of Mystery;Trees of Mystery;Trees of Mystery;;;;;;;;;x
PROV530;Sleepy Oak Covert;Sleepy Oak Covert;Sleepy Oak Covert;;;;;;;;;x
PROV531;Faint Grove;Faint Grove;Faint Grove;;;;;;;;;x
PROV532;Old Oak Forest;Old Oak Forest;Old Oak Forest;;;;;;;;;x
PROV533;Violent Timberland;Violent Timberland;Violent Timberland;;;;;;;;;x
PROV534;Redwood Mountain Grove;Redwood Mountain Grove;Redwood Mountain Grove;;;;;;;;;x
PROV535;Pleasant Row Orchard;Pleasant Row Orchard;Pleasant Row Orchard;;;;;;;;;x
PROV536;Reagal Snail Woods;Reagal Snail Woods;Reagal Snail Woods;;;;;;;;;x
PROV537;Starkhaven;Starkhaven;Starkhaven;;;;;;;;;x
PROV538;StarkhavenA;StarkhavenA;StarkhavenA;;;;;;;;;x
PROV539;StarkhavenB;StarkhavenB;StarkhavenB;;;;;;;;;x
PROV540;StarkhavenC;StarkhavenC;StarkhavenC;;;;;;;;;x
PROV541;StarkhavenD;StarkhavenD;StarkhavenD;;;;;;;;;x
PROV542;StarkhavenE;StarkhavenE;StarkhavenE;;;;;;;;;x
PROV543;Green Dales;Green Dales;Green Dales;;;;;;;;;x
PROV544;Green DalesA;Green DalesA;Green DalesA;;;;;;;;;x
PROV545;Green DalesB;Green DalesB;Green DalesB;;;;;;;;;x
PROV546;Green DalesC;Green DalesC;Green DalesC;;;;;;;;;x
PROV547;Green DalesD;Green DalesD;Green DalesD;;;;;;;;;x
PROV548;Minanter plains;Minanter plains;Minanter plains;;;;;;;;;x
PROV549;Minanter plainsA;Minanter plainsA;Minanter plainsA;;;;;;;;;x
PROV550;Minanter plainsB;Minanter plainsB;Minanter plainsB;;;;;;;;;x
PROV551;Minanter plainsC;Minanter plainsC;Minanter plainsC;;;;;;;;;x
PROV552;Minanter hinterland;Minanter hinterland;Minanter hinterland;;;;;;;;;x
PROV553;Minanter hinterlandA;Minanter hinterlandA;Minanter hinterlandA;;;;;;;;;x
PROV554;Minanter hinterlandB;Minanter hinterlandB;Minanter hinterlandB;;;;;;;;;x
PROV555;Minanter hinterlandC;Minanter hinterlandC;Minanter hinterlandC;;;;;;;;;x
PROV556;Kirkwall;Kirkwall;Kirkwall;;;;;;;;;x
PROV557;KirkwallA;KirkwallA;KirkwallA;;;;;;;;;x
PROV558;KirkwallB;KirkwallB;KirkwallB;;;;;;;;;x
PROV559;KirkwallC;KirkwallC;KirkwallC;;;;;;;;;x
PROV560;KirkwallD;KirkwallD;KirkwallD;;;;;;;;;x
PROV561;KirkwallE;KirkwallE;KirkwallE;;;;;;;;;x
PROV562;Planascene forest;Planascene forest;Planascene forest;;;;;;;;;x
PROV563;Planascene forestA;Planascene forestA;Planascene forestA;;;;;;;;;x
PROV564;Planascene forestB;Planascene forestB;Planascene forestB;;;;;;;;;x
PROV565;Planascene forestC;Planascene forestC;Planascene forestC;;;;;;;;;x
PROV566;Valence;Valence;Valence;;;;;;;;;x
PROV567;Wildervale;Wildervale;Wildervale;;;;;;;;;x
PROV568;WildervaleA;WildervaleA;WildervaleA;;;;;;;;;x
PROV569;WildervaleB;WildervaleB;WildervaleB;;;;;;;;;x
PROV570;WildervaleC;WildervaleC;WildervaleC;;;;;;;;;x
PROV571;WildervaleD;WildervaleD;WildervaleD;;;;;;;;;x
PROV572;Hercina;Hercina;Hercina;;;;;;;;;x
PROV573;HercinaA;HercinaA;HercinaA;;;;;;;;;x
PROV574;HercinaB;HercinaB;HercinaB;;;;;;;;;x
PROV575;HercinaC;HercinaC;HercinaC;;;;;;;;;x
PROV576;Wycome;Wycome;Wycome;;;;;;;;;x
PROV577;WycomeA;WycomeA;WycomeA;;;;;;;;;x
PROV578;WycomeB;WycomeB;WycomeB;;;;;;;;;x
PROV579;WycomeC;WycomeC;WycomeC;;;;;;;;;x
PROV580;WycomeD;WycomeD;WycomeD;;;;;;;;;x
PROV581;Markham;Markham;Markham;;;;;;;;;x
PROV582;MarkhamA;MarkhamA;MarkhamA;;;;;;;;;x
PROV583;MarkhamB;MarkhamB;MarkhamB;;;;;;;;;x
PROV584;MarkhamC;MarkhamC;MarkhamC;;;;;;;;;x
PROV585;MarkhamD;MarkhamD;MarkhamD;;;;;;;;;x
PROV586;Ostwick;Ostwick;Ostwick;;;;;;;;;x
PROV587;OstwickA;OstwickA;OstwickA;;;;;;;;;x
PROV588;OstwickB;OstwickB;OstwickB;;;;;;;;;x
PROV589;OstwickC;OstwickC;OstwickC;;;;;;;;;x
PROV590;Ansburg;Ansburg;Ansburg;;;;;;;;;x
PROV591;AnsburgA;AnsburgA;AnsburgA;;;;;;;;;x
PROV592;AnsburgB;AnsburgB;AnsburgB;;;;;;;;;x
PROV593;AnsburgC;AnsburgC;AnsburgC;;;;;;;;;x
PROV594;Tantervale;Tantervale;Tantervale;;;;;;;;;x
PROV595;TantervaleB;TantervaleB;TantervaleB;;;;;;;;;x
PROV596;TantervaleC;TantervaleC;TantervaleC;;;;;;;;;x
PROV597;TantervaleD;TantervaleD;TantervaleD;;;;;;;;;x
PROV598;TantervaleE;TantervaleE;TantervaleE;;;;;;;;;x
PROV599;TantervaleF;TantervaleF;TantervaleF;;;;;;;;;x
PROV600;Hasmal;Hasmal;Hasmal;;;;;;;;;x
PROV601;HasmalA;HasmalA;HasmalA;;;;;;;;;x
PROV602;HasmalB;HasmalB;HasmalB;;;;;;;;;x
PROV603;HasmalC;HasmalC;HasmalC;;;;;;;;;x
PROV604;Antiva;Antiva;Antiva;;;;;;;;;x
PROV605;Comano;Comano;Comano;;;;;;;;;x
PROV606;Castrino;Castrino;Castrino;;;;;;;;;x
PROV607;Lauro;Lauro;Lauro;;;;;;;;;x
PROV608;Lana;Lana;Lana;;;;;;;;;x
PROV609;Viano;Viano;Viano;;;;;;;;;x
PROV610;Rialto;Rialto;Rialto;;;;;;;;;x
PROV611;Salle;Salle;Salle;;;;;;;;;x
PROV612;Bastion;Bastion;Bastion;;;;;;;;;x
PROV613;Camaro;Camaro;Camaro;;;;;;;;;x
PROV614;Floresta;Floresta;Floresta;;;;;;;;;x
PROV615;Grana;Grana;Grana;;;;;;;;;x
PROV616;Seleny;Seleny;Seleny;;;;;;;;;x
PROV617;Tremosine;Tremosine;Tremosine;;;;;;;;;x
PROV618;Serina;Serina;Serina;;;;;;;;;x
PROV619;Montesilvano;Montesilvano;Montesilvano;;;;;;;;;x
PROV620;Orani;Orani;Orani;;;;;;;;;x
PROV621;Martone;Martone;Martone;;;;;;;;;x
PROV622;Cona;Cona;Cona;;;;;;;;;x
PROV623;Limite;Limite;Limite;;;;;;;;;x
PROV624;Treviso;Treviso;Treviso;;;;;;;;;x
PROV625;Caminata;Caminata;Caminata;;;;;;;;;x
PROV626;Drapia;Drapia;Drapia;;;;;;;;;x
PROV627;Brynnlaw;Brynnlaw;Brynnlaw;;;;;;;;;x
PROV628;Olevano;Olevano;Olevano;;;;;;;;;x
PROV629;Lugo;Lugo;Lugo;;;;;;;;;x
PROV630;Framura;Framura;Framura;;;;;;;;;x
PROV631;Casoria;Casoria;Casoria;;;;;;;;;x
PROV632;Forino;Forino;Forino;;;;;;;;;x
PROV633;Manta;Manta;Manta;;;;;;;;;x
PROV634;Calvanico;Calvanico;Calvanico;;;;;;;;;x
PROV635;Versone;Versone;Versone;;;;;;;;;x
PROV636;Torrecuso;Torrecuso;Torrecuso;;;;;;;;;x
PROV637;Corva;Corva;Corva;;;;;;;;;x
PROV638;Trontano;Trontano;Trontano;;;;;;;;;x
PROV639;Marcaria;Marcaria;Marcaria;;;;;;;;;x
PROV640;Naso;Naso;Naso;;;;;;;;;x
PROV641;Ocria;Ocria;Ocria;;;;;;;;;x
PROV642;Istrana;Istrana;Istrana;;;;;;;;;x
PROV643;Pareto;Pareto;Pareto;;;;;;;;;x
PROV644;Caneva;Caneva;Caneva;;;;;;;;;x
PROV645;Oretano;Oretano;Oretano;;;;;;;;;x
PROV646;Dairsmuid;Dairsmuid;Dairsmuid;;;;;;;;;x
PROV647;Hum;Hum;Hum;;;;;;;;;x
PROV648;Tera;Tera;Tera;;;;;;;;;x
PROV649;Ayesleigh;Ayesleigh;Ayesleigh;;;;;;;;;x
PROV650;Afsaana;Afsaana;Afsaana;;;;;;;;;x
PROV651;Hamara;Hamara;Hamara;;;;;;;;;x
PROV652;Nahim;Nahim;Nahim;;;;;;;;;x
PROV653;Tumhara;Tumhara;Tumhara;;;;;;;;;x
PROV654;Udher;Udher;Udher;;;;;;;;;x
PROV655;Aseman;Aseman;Aseman;;;;;;;;;x
PROV656;Bahem;Bahem;Bahem;;;;;;;;;x
PROV657;Kahan;Kahan;Kahan;;;;;;;;;x
PROV658;Neres;Neres;Neres;;;;;;;;;x
PROV659;Khunda;Khunda;Khunda;;;;;;;;;x
PROV660;Areo;Areo;Areo;;;;;;;;;x
PROV661;Hafiz;Hafiz;Hafiz;;;;;;;;;x
PROV662;Kholna;Kholna;Kholna;;;;;;;;;x
PROV663;Seere;Seere;Seere;;;;;;;;;x
PROV664;Chaliyen;Chaliyen;Chaliyen;;;;;;;;;x
PROV665;Fatah;Fatah;Fatah;;;;;;;;;x
PROV666;Daudna;Daudna;Daudna;;;;;;;;;x
PROV667;Komt-aar;Komt-aar;Komt-aar;;;;;;;;;x
PROV668;Assalam;Assalam;Assalam;;;;;;;;;x
PROV669;Aseman;Aseman;Aseman;;;;;;;;;x
PROV670;Rahey;Rahey;Rahey;;;;;;;;;x
PROV671;Imthihan;Imthihan;Imthihan;;;;;;;;;x
PROV672;Nosh;Nosh;Nosh;;;;;;;;;x
PROV673;Likha;Likha;Likha;;;;;;;;;x
PROV674;Khainen;Khainen;Khainen;;;;;;;;;x
PROV675;Akhebar;Akhebar;Akhebar;;;;;;;;;x
PROV676;Aayen;Aayen;Aayen;;;;;;;;;x
PROV677;Naam;Naam;Naam;;;;;;;;;x
PROV678;Ashkiri;Ashkiri;Ashkiri;;;;;;;;;x
PROV679;Haath;Haath;Haath;;;;;;;;;x
PROV680;Llomeryn;Llomeryn;Llomeryn;;;;;;;;;x
PROV681;Little Llomeryn;Little Llomeryn;Little Llomeryn;;;;;;;;;x
PROV682;Estwatch;Estwatch;Estwatch;;;;;;;;;x
PROV683;Seheron;Seheron;Seheron;;;;;;;;;x
PROV684;Afsin;Afsin;Afsin;;;;;;;;;x
PROV685;Ath Velanis;Ath Velanis;Ath Velanis;;;;;;;;;x
PROV686;Adana;Adana;Adana;;;;;;;;;x
PROV687;Karakoban;Karakoban;Karakoban;;;;;;;;;x
PROV688;Alam;Alam;Alam;;;;;;;;;x
PROV689;Ardahan;Ardahan;Ardahan;;;;;;;;;x
PROV690;Akbez;Akbez;Akbez;;;;;;;;;x
PROV691;Kokaali;Kokaali;Kokaali;;;;;;;;;x
PROV692;Artvin;Artvin;Artvin;;;;;;;;;x
PROV693;Nahilan;Nahilan;Nahilan;;;;;;;;;x
PROV694;Armutalan;Armutalan;Armutalan;;;;;;;;;x
PROV695;Dalaman;Dalaman;Dalaman;;;;;;;;;x
PROV696;Uluder;Uluder;Uluder;;;;;;;;;x
PROV697;Akhaaz;Akhaaz;Akhaaz;;;;;;;;;x
PROV698;Kale;Kale;Kale;;;;;;;;;x
PROV699;Pertek;Pertek;Pertek;;;;;;;;;x
PROV700;Dinar;Dinar;Dinar;;;;;;;;;x
PROV701;Isklar;Isklar;Isklar;;;;;;;;;x
PROV702;Kahta;Kahta;Kahta;;;;;;;;;x
PROV703;Talvan;Talvan;Talvan;;;;;;;;;x
PROV704;Idiñ;Idiñ;Idiñ;;;;;;;;;x
PROV705;Hizan;Hizan;Hizan;;;;;;;;;x
PROV706;Kurtalan;Kurtalan;Kurtalan;;;;;;;;;x
PROV707;Ortaklar;Ortaklar;Ortaklar;;;;;;;;;x
PROV708;Alaka;Alaka;Alaka;;;;;;;;;x
PROV709;Qunandar;Qunandar;Qunandar;;;;;;;;;x
PROV710;Duragan;Duragan;Duragan;;;;;;;;;x
PROV711;Karatas;Karatas;Karatas;;;;;;;;;x
PROV712;Sarilar;Sarilar;Sarilar;;;;;;;;;x
PROV713;Ahlat;Ahlat;Ahlat;;;;;;;;;x
PROV714;Korhan;Korhan;Korhan;;;;;;;;;x
PROV715;Kaman;Kaman;Kaman;;;;;;;;;x
PROV716;Araban;Araban;Araban;;;;;;;;;x
PROV717;Erbaa;Erbaa;Erbaa;;;;;;;;;x
PROV718;Arsin;Arsin;Arsin;;;;;;;;;x
PROV719;Acarlar;Acarlar;Acarlar;;;;;;;;;x
PROV720;Ataken;Ataken;Ataken;;;;;;;;;x
PROV721;Pinarhisar;Pinarhisar;Pinarhisar;;;;;;;;;x
PROV722;Par Vollen;Par Vollen;Par Vollen;;;;;;;;;x
PROV723;Kavak;Kavak;Kavak;;;;;;;;;x
PROV724;Koru;Koru;Koru;;;;;;;;;x
PROV725;Yunak;Yunak;Yunak;;;;;;;;;x
PROV726;Kabala;Kabala;Kabala;;;;;;;;;x
PROV727;Anridin;Anridin;Anridin;;;;;;;;;x
PROV728;Aritas;Aritas;Aritas;;;;;;;;;x
PROV729;Minanter river;Minanter river;Minanter river;;;;;;;;;x
PROV730;Minanter river;Minanter river;Minanter river;;;;;;;;;x
PROV731;Minanter river;Minanter river;Minanter river;;;;;;;;;x
PROV732;Minanter river;Minanter river;Minanter river;;;;;;;;;x
PROV733;Minanter river;Minanter river;Minanter river;;;;;;;;;x
PROV734;Minanter river;Minanter river;Minanter river;;;;;;;;;x
PROV735;Minanter river;Minanter river;Minanter river;;;;;;;;;x
PROV736;Minanter river;Minanter river;Minanter river;;;;;;;;;x
PROV737;Minanter river;Minanter river;Minanter river;;;;;;;;;x
PROV738;Brokenbridge gulf;Brokenbridge gulf;Brokenbridge gulf;;;;;;;;;x
PROV739;Waking Sea;Waking Sea;Waking Sea;;;;;;;;;x
PROV740;Jader coast;Jader coast;Jader coast;;;;;;;;;x
PROV741;Cumberland bay;Cumberland bay;Cumberland bay;;;;;;;;;x
PROV742;Oldstones straits;Oldstones straits;Oldstones straits;;;;;;;;;x
PROV743;Kirkwall straits;Kirkwall straits;Kirkwall straits;;;;;;;;;x
PROV744;Highever coast;Highever coast;Highever coast;;;;;;;;;x
PROV745;Vinnmark coast;Vinnmark coast;Vinnmark coast;;;;;;;;;x
PROV746;Amaranthine coast;Amaranthine coast;Amaranthine coast;;;;;;;;;x
PROV747;Alamar coasst;Alamar coasst;Alamar coasst;;;;;;;;;x
PROV748;Denerim gulf;Denerim gulf;Denerim gulf;;;;;;;;;x
PROV749;Brecillian bay;Brecillian bay;Brecillian bay;;;;;;;;;x
PROV750;Sailor's cape;Sailor's cape;Sailor's cape;;;;;;;;;x
PROV751;Frozen sea coast;Frozen sea coast;Frozen sea coast;;;;;;;;;x
PROV752;Gwaren coast;Gwaren coast;Gwaren coast;;;;;;;;;x
PROV753;Otswich coast;Otswich coast;Otswich coast;;;;;;;;;x
PROV754;Hercina coast;Hercina coast;Hercina coast;;;;;;;;;x
PROV755;Minanter mouth;Minanter mouth;Minanter mouth;;;;;;;;;x
PROV756;Amaranthine Ocean;Amaranthine Ocean;Amaranthine Ocean;;;;;;;;;x
PROV757;Antivan coast;Antivan coast;Antivan coast;;;;;;;;;x
PROV758;Treviso bay;Treviso bay;Treviso bay;;;;;;;;;x
PROV759;Ayesleigh bay;Ayesleigh bay;Ayesleigh bay;;;;;;;;;x
PROV760;Rivaini inner coast;Rivaini inner coast;Rivaini inner coast;;;;;;;;;x
PROV761;Rialto bay;Rialto bay;Rialto bay;;;;;;;;;x
PROV762;Llomeryn waters;Llomeryn waters;Llomeryn waters;;;;;;;;;x
PROV763;Rivaini shores;Rivaini shores;Rivaini shores;;;;;;;;;x
PROV764;Rivaini coast;Rivaini coast;Rivaini coast;;;;;;;;;x
PROV765;Seere coast;Seere coast;Seere coast;;;;;;;;;x
PROV766;Komt-arr coast;Komt-arr coast;Komt-arr coast;;;;;;;;;x
PROV767;Venefication gulf;Venefication gulf;Venefication gulf;;;;;;;;;x
PROV768;Venefication coast;Venefication coast;Venefication coast;;;;;;;;;x
PROV769;Arlathan coast;Arlathan coast;Arlathan coast;;;;;;;;;x
PROV770;Qarinus coast;Qarinus coast;Qarinus coast;;;;;;;;;x
PROV771;Carastes coast;Carastes coast;Carastes coast;;;;;;;;;x
PROV772;Vyrantium coast;Vyrantium coast;Vyrantium coast;;;;;;;;;x
PROV773;Asariel coast;Asariel coast;Asariel coast;;;;;;;;;x
PROV774;Minrathous coast;Minrathous coast;Minrathous coast;;;;;;;;;x
PROV775;Nocean cape;Nocean cape;Nocean cape;;;;;;;;;x
PROV776;Colean cape;Colean cape;Colean cape;;;;;;;;;x
PROV777;Colean coast;Colean coast;Colean coast;;;;;;;;;x
PROV778;Tallo coast;Tallo coast;Tallo coast;;;;;;;;;x
PROV779;Qundalon coast;Qundalon coast;Qundalon coast;;;;;;;;;x
PROV780;Seheron eastern coast;Seheron eastern coast;Seheron eastern coast;;;;;;;;;x
PROV781;Alam coast;Alam coast;Alam coast;;;;;;;;;x
PROV782;Ventosus straits;Ventosus straits;Ventosus straits;;;;;;;;;x
PROV783;Seheron coast;Seheron coast;Seheron coast;;;;;;;;;x
PROV784;Boeric high waters;Boeric high waters;Boeric high waters;;;;;;;;;x
PROV785;Boeric isles;Boeric isles;Boeric isles;;;;;;;;;x
PROV786;Boeric isles;Boeric isles;Boeric isles;;;;;;;;;x
PROV787;Boeric isles;Boeric isles;Boeric isles;;;;;;;;;x
PROV788;Boeric isles;Boeric isles;Boeric isles;;;;;;;;;x
PROV789;Boeric arrecife;Boeric arrecife;Boeric arrecife;;;;;;;;;x
PROV790;Boeric arrecife;Boeric arrecife;Boeric arrecife;;;;;;;;;x
PROV791;The northern passage;The northern passage;The northern passage;;;;;;;;;x
PROV792;Watcher coast;Watcher coast;Watcher coast;;;;;;;;;x
PROV793;Qunandar coast;Qunandar coast;Qunandar coast;;;;;;;;;x
PROV794;Passage coast;Passage coast;Passage coast;;;;;;;;;x
PROV795;Par Vollen gulf;Par Vollen gulf;Par Vollen gulf;;;;;;;;;x
PROV796;Rivaini inner coast;Rivaini inner coast;Rivaini inner coast;;;;;;;;;x
PROV797;Colean Sea;Colean Sea;Colean Sea;;;;;;;;;x
PROV798;Eastern coast;Eastern coast;Eastern coast;;;;;;;;;x
PROV799;Orzammar;Orzammar;Orzammar;;;;;;;;;x
PROV800;Aeduncan thaig;Aeduncan thaig;Aeduncan thaig;;;;;;;;;x
PROV801;Abandoned thaig;Abandoned thaig;Abandoned thaig;;;;;;;;;x
PROV802;Priveal thaig;Priveal thaig;Priveal thaig;;;;;;;;;x
PROV803;Deep road 56;Deep road 56;Deep road 56;;;;;;;;;x
PROV804;Deep road 57;Deep road 57;Deep road 57;;;;;;;;;x
PROV805;Deep road 58;Deep road 58;Deep road 58;;;;;;;;;x
PROV806;Deep road 59;Deep road 59;Deep road 59;;;;;;;;;x
PROV807;Deep road 60;Deep road 60;Deep road 60;;;;;;;;;x
PROV808;Deep road 61;Deep road 61;Deep road 61;;;;;;;;;x
PROV809;Deep road 62;Deep road 62;Deep road 62;;;;;;;;;x
PROV810;Kal'Hirol;Kal'Hirol;Kal'Hirol;;;;;;;;;x
PROV811;Kal'Barosh;Kal'Barosh;Kal'Barosh;;;;;;;;;x
PROV812;Varen;Varen;Varen;;;;;;;;;x
PROV813;Gwaren;Gwaren;Gwaren;;;;;;;;;x
PROV814;Valammar;Valammar;Valammar;;;;;;;;;x
PROV815;Deep road 63;Deep road 63;Deep road 63;;;;;;;;;x
PROV816;Deep road 64;Deep road 64;Deep road 64;;;;;;;;;x
PROV817;Deep road 65;Deep road 65;Deep road 65;;;;;;;;;x
PROV818;Deep road 66;Deep road 66;Deep road 66;;;;;;;;;x
PROV819;Deep road 67;Deep road 67;Deep road 67;;;;;;;;;x
PROV820;Deep road 68;Deep road 68;Deep road 68;;;;;;;;;x
PROV821;Bowammar;Bowammar;Bowammar;;;;;;;;;x
PROV822;Caridin's Cross;Caridin's Cross;Caridin's Cross;;;;;;;;;x
PROV823;Heidrun thaig;Heidrun thaig;Heidrun thaig;;;;;;;;;x
PROV824;Orthan thaig;Orthan thaig;Orthan thaig;;;;;;;;;x
PROV825;Cadash thaig;Cadash thaig;Cadash thaig;;;;;;;;;x
PROV826;Deep road 55;Deep road 55;Deep road 55;;;;;;;;;x
PROV827;Deep road 47;Deep road 47;Deep road 47;;;;;;;;;x
PROV828;Deep road 48;Deep road 48;Deep road 48;;;;;;;;;x
PROV829;Deep road 49;Deep road 49;Deep road 49;;;;;;;;;x
PROV830;Deep road 50;Deep road 50;Deep road 50;;;;;;;;;x
PROV831;Deep road 51;Deep road 51;Deep road 51;;;;;;;;;x
PROV832;Deep road 52;Deep road 52;Deep road 52;;;;;;;;;x
PROV833;Deep road 53;Deep road 53;Deep road 53;;;;;;;;;x
PROV834;Deep road 54;Deep road 54;Deep road 54;;;;;;;;;x
PROV835;Deep road 55;Deep road 55;Deep road 55;;;;;;;;;x
PROV836;Kal-Sharok;Kal-Sharok;Kal-Sharok;;;;;;;;;x
PROV837;Sharokovar;Sharokovar;Sharokovar;;;;;;;;;x
PROV838;Abandoned thaig 1;Abandoned thaig 1;Abandoned thaig 1;;;;;;;;;x
PROV839;Abandoned thaig 2;Abandoned thaig 2;Abandoned thaig 2;;;;;;;;;x
PROV840;Abandoned thaig 3;Abandoned thaig 3;Abandoned thaig 3;;;;;;;;;x
PROV841;Abandoned thaig 4;Abandoned thaig 4;Abandoned thaig 4;;;;;;;;;x
PROV842;Deep road 1;Deep road 1;Deep road 1;;;;;;;;;x
PROV843;Deep road 2;Deep road 2;Deep road 2;;;;;;;;;x
PROV844;Deep road 3;Deep road 3;Deep road 3;;;;;;;;;x
PROV845;Deep road 4;Deep road 4;Deep road 4;;;;;;;;;x
PROV846;Deep road 5;Deep road 5;Deep road 5;;;;;;;;;x
PROV847;Deep road 6;Deep road 6;Deep road 6;;;;;;;;;x
PROV848;Darmallon;Darmallon;Darmallon;;;;;;;;;x
PROV849;Abandoned thaig 5;Abandoned thaig 5;Abandoned thaig 5;;;;;;;;;x
PROV850;Abandoned thaig 6;Abandoned thaig 6;Abandoned thaig 6;;;;;;;;;x
PROV851;Abandoned thaig 7;Abandoned thaig 7;Abandoned thaig 7;;;;;;;;;x
PROV852;Abandoned thaig 8;Abandoned thaig 8;Abandoned thaig 8;;;;;;;;;x
PROV853;Abandoned thaig 9;Abandoned thaig 9;Abandoned thaig 9;;;;;;;;;x
PROV854;Deep road 7;Deep road 7;Deep road 7;;;;;;;;;x
PROV855;Deep road 8;Deep road 8;Deep road 8;;;;;;;;;x
PROV856;Deep road 9;Deep road 9;Deep road 9;;;;;;;;;x
PROV857;Deep road 10;Deep road 10;Deep road 10;;;;;;;;;x
PROV858;Deep road 11;Deep road 11;Deep road 11;;;;;;;;;x
PROV859;Deep road 12;Deep road 12;Deep road 12;;;;;;;;;x
PROV860;Quarinus outpost;Quarinus outpost;Quarinus outpost;;;;;;;;;x
PROV861;Neromenian outpost;Neromenian outpost;Neromenian outpost;;;;;;;;;x
PROV862;Valdasine thaig;Valdasine thaig;Valdasine thaig;;;;;;;;;x
PROV863;Abandoned thaig 10;Abandoned thaig 10;Abandoned thaig 10;;;;;;;;;x
PROV864;Minrathous embassy;Minrathous embassy;Minrathous embassy;;;;;;;;;x
PROV865;Abandoned thaig 11;Abandoned thaig 11;Abandoned thaig 11;;;;;;;;;x
PROV866;Abandoned thaig 12;Abandoned thaig 12;Abandoned thaig 12;;;;;;;;;x
PROV867;Deep road 13;Deep road 13;Deep road 13;;;;;;;;;x
PROV868;Deep road 14;Deep road 14;Deep road 14;;;;;;;;;x
PROV869;Deep road 15;Deep road 15;Deep road 15;;;;;;;;;x
PROV870;Deep road 16;Deep road 16;Deep road 16;;;;;;;;;x
PROV871;Deep road 17;Deep road 17;Deep road 17;;;;;;;;;x
PROV872;Deep road 18;Deep road 18;Deep road 18;;;;;;;;;x
PROV873;Deep road 19;Deep road 19;Deep road 19;;;;;;;;;x
PROV874;Deep road 20;Deep road 20;Deep road 20;;;;;;;;;x
PROV875;Deep road 21;Deep road 21;Deep road 21;;;;;;;;;x
PROV876;Deep road 22;Deep road 22;Deep road 22;;;;;;;;;x
PROV877;Gumdar;Gumdar;Gumdar;;;;;;;;;x
PROV878;Abandoned thaig 18;Abandoned thaig 18;Abandoned thaig 18;;;;;;;;;x
PROV879;Abandoned thaig 19;Abandoned thaig 19;Abandoned thaig 19;;;;;;;;;x
PROV880;Abandoned thaig 20;Abandoned thaig 20;Abandoned thaig 20;;;;;;;;;x
PROV881;Abandoned thaig 21;Abandoned thaig 21;Abandoned thaig 21;;;;;;;;;x
PROV882;Abandoned thaig 22;Abandoned thaig 22;Abandoned thaig 22;;;;;;;;;x
PROV883;Deep road 35;Deep road 35;Deep road 35;;;;;;;;;x
PROV884;Deep road 36;Deep road 36;Deep road 36;;;;;;;;;x
PROV885;Deep road 37;Deep road 37;Deep road 37;;;;;;;;;x
PROV886;Deep road 38;Deep road 38;Deep road 38;;;;;;;;;x
PROV887;Deep road 39;Deep road 39;Deep road 39;;;;;;;;;x
PROV888;Deep road 40;Deep road 40;Deep road 40;;;;;;;;;x
PROV889;Deep road 41;Deep road 41;Deep road 41;;;;;;;;;x
PROV890;Deep road 42;Deep road 42;Deep road 42;;;;;;;;;x
PROV891;Deep road 43;Deep road 43;Deep road 43;;;;;;;;;x
PROV892;Deep road 44;Deep road 44;Deep road 44;;;;;;;;;x
PROV893;Deep road 45;Deep road 45;Deep road 45;;;;;;;;;x
PROV894;Deep road 46;Deep road 46;Deep road 46;;;;;;;;;x
PROV895;Angarrak;Angarrak;Angarrak;;;;;;;;;x
PROV896;Abandoned thaig 13;Abandoned thaig 13;Abandoned thaig 13;;;;;;;;;x
PROV897;Abandoned thaig 14;Abandoned thaig 14;Abandoned thaig 14;;;;;;;;;x
PROV898;Abandoned thaig 15;Abandoned thaig 15;Abandoned thaig 15;;;;;;;;;x
PROV899;Abandoned thaig 16;Abandoned thaig 16;Abandoned thaig 16;;;;;;;;;x
PROV900;Abandoned thaig 17;Abandoned thaig 17;Abandoned thaig 17;;;;;;;;;x
PROV901;Deep road 28;Deep road 28;Deep road 28;;;;;;;;;x
PROV902;Deep road 29;Deep road 29;Deep road 29;;;;;;;;;x
PROV903;Deep road 30;Deep road 30;Deep road 30;;;;;;;;;x
PROV904;Deep road 31;Deep road 31;Deep road 31;;;;;;;;;x
PROV905;Deep road 32;Deep road 32;Deep road 32;;;;;;;;;x
PROV906;Deep road 33;Deep road 33;Deep road 33;;;;;;;;;x
PROV907;Deep road 34;Deep road 34;Deep road 34;;;;;;;;;x
PROV908;Kul Baras;Kul Baras;Kul Baras;;;;;;;;;x
PROV909;Abandoned thaig 23;Abandoned thaig 23;Abandoned thaig 23;;;;;;;;;x
PROV910;Abandoned thaig 24;Abandoned thaig 24;Abandoned thaig 24;;;;;;;;;x
PROV911;Abandoned thaig 25;Abandoned thaig 25;Abandoned thaig 25;;;;;;;;;x
PROV912;Deep road 23;Deep road 23;Deep road 23;;;;;;;;;x
PROV913;Deep road 24;Deep road 24;Deep road 24;;;;;;;;;x
PROV914;Deep road 25;Deep road 25;Deep road 25;;;;;;;;;x
PROV915;Deep road 26;Deep road 26;Deep road 26;;;;;;;;;x
PROV916;Deep road 27;Deep road 27;Deep road 27;;;;;;;;;x
PROV917;Hormak;Hormak;Hormak;;;;;;;;;x
PROV918;Abandoned thaig 26;Abandoned thaig 26;Abandoned thaig 26;;;;;;;;;x
PROV919;Abandoned thaig 27;Abandoned thaig 27;Abandoned thaig 27;;;;;;;;;x
PROV920;Abandoned thaig 28;Abandoned thaig 28;Abandoned thaig 28;;;;;;;;;x
PROV921;Deep road 69;Deep road 69;Deep road 69;;;;;;;;;x
PROV922;Deep road 70;Deep road 70;Deep road 70;;;;;;;;;x
PROV923;Deep road 71;Deep road 71;Deep road 71;;;;;;;;;x
PROV924;Deep road 72;Deep road 72;Deep road 72;;;;;;;;;x
PROV925;Deep road 73;Deep road 73;Deep road 73;;;;;;;;;x
PROV926;Deep road 74;Deep road 74;Deep road 74;;;;;;;;;x
PROV927;Deep road 75;Deep road 75;Deep road 75;;;;;;;;;x
PROV928;Deep road 76;Deep road 76;Deep road 76;;;;;;;;;x
PROV929;Deep road 77;Deep road 77;Deep road 77;;;;;;;;;x
PROV930;Valdesine thaig;Valdesine thaig;Valdesine thaig;;;;;;;;;x
PROV931;Abandoned thaig 29;Abandoned thaig 29;Abandoned thaig 29;;;;;;;;;x
PROV932;Abandoned thaig 30;Abandoned thaig 30;Abandoned thaig 30;;;;;;;;;x
PROV933;Abandoned thaig 31;Abandoned thaig 31;Abandoned thaig 31;;;;;;;;;x
PROV934;Abandoned thaig 32;Abandoned thaig 32;Abandoned thaig 32;;;;;;;;;x
PROV935;Deep road 78;Deep road 78;Deep road 78;;;;;;;;;x
PROV936;Deep road 79;Deep road 79;Deep road 79;;;;;;;;;x
PROV937;Deep road 80;Deep road 80;Deep road 80;;;;;;;;;x
PROV938;Deep road 81;Deep road 81;Deep road 81;;;;;;;;;x
PROV939;Deep road 82;Deep road 82;Deep road 82;;;;;;;;;x
PROV940;Deep road 83;Deep road 83;Deep road 83;;;;;;;;;x
PROV941;Deep road 84;Deep road 84;Deep road 84;;;;;;;;;x
PROV942;Deep road 85;Deep road 85;Deep road 85;;;;;;;;;x
PROV943;Revann thaig;Revann thaig;Revann thaig;;;;;;;;;x
PROV944;Abandoned thaig 33;Abandoned thaig 33;Abandoned thaig 33;;;;;;;;;x
PROV945;Abandoned thaig 34;Abandoned thaig 34;Abandoned thaig 34;;;;;;;;;x
PROV946;Abandoned thaig 35;Abandoned thaig 35;Abandoned thaig 35;;;;;;;;;x
PROV947;Deep road 86;Deep road 86;Deep road 86;;;;;;;;;x
PROV948;Deep road 87;Deep road 87;Deep road 87;;;;;;;;;x
PROV949;Deep road 88;Deep road 88;Deep road 88;;;;;;;;;x
PROV950;Deep road 89;Deep road 89;Deep road 89;;;;;;;;;x
PROV951;Deep road 90;Deep road 90;Deep road 90;;;;;;;;;x
PROV952;Deep road 91;Deep road 91;Deep road 91;;;;;;;;;x
PROV953;Deep road 92;Deep road 92;Deep road 92;;;;;;;;;x
PROV954;Deep road 93;Deep road 93;Deep road 93;;;;;;;;;x
